"name","active","andar","sigla","id","created_date","updated_date","created_by_id","created_by","is_sample"
"Gabinete do Governador","true","10º","Gabinete do Governador","69d6a3576d5bac8f1d7b7dec","2026-04-08T18:49:59.464000","2026-04-08T18:49:59.464000","69c292e80a168be0a1fb9df4","funcionalpplt@gmail.com","false"
"Secretaria de Estado da Casa Militar","true","9º","SECAMI","69d6a342c001c77344473f26","2026-04-08T18:49:38.027000","2026-04-08T18:49:38.027000","69c292e80a168be0a1fb9df4","funcionalpplt@gmail.com","false"
"Secretaria de Estado de Comunicação","true","9º","SECOM","69d6a32c9db65709b077129c","2026-04-08T18:49:16.951000","2026-04-08T18:49:16.951000","69c292e80a168be0a1fb9df4","funcionalpplt@gmail.com","false"
"Secretaria de Estado da Casa Civil","true","8º","Casa Civil","69d6a3187e39a09379421d73","2026-04-08T18:48:56.976000","2026-04-08T18:48:56.976000","69c292e80a168be0a1fb9df4","funcionalpplt@gmail.com","false"
"Vice-Governadoria","true","4º","Vice-Governadoria","69d6a2d86ac918e16f8876b7","2026-04-08T18:47:52.238000","2026-04-08T18:47:52.238000","69c292e80a168be0a1fb9df4","funcionalpplt@gmail.com","false"
"Goiás Parcerias","true","3º","Goiás Parcerias","69d6a2c291bfe55c195df508","2026-04-08T18:47:30.531000","2026-04-08T18:47:30.531000","69c292e80a168be0a1fb9df4","funcionalpplt@gmail.com","false"
"Secretaria de Estado da Retomada","true","2º","SER","69d6a2b0353df0e179db2a68","2026-04-08T18:47:12.412000","2026-04-08T18:47:12.412000","69c292e80a168be0a1fb9df4","funcionalpplt@gmail.com","false"
"Secretaria-Geral de Governo","true","1º","SGG","69d6a28194ecb40628c87117","2026-04-08T18:46:25.422000","2026-04-08T18:46:25.422000","69c292e80a168be0a1fb9df4","funcionalpplt@gmail.com","false"
"Secretaria de Estado de Relações Institucionais","true","6º","SERINT","69d6a25898c7a86094630e72","2026-04-08T18:45:44.657000","2026-04-08T18:45:44.657000","69c292e80a168be0a1fb9df4","funcionalpplt@gmail.com","false"
"Secretaria de Estado de Indústria, Comércio e Serviços","true","4º","SIC","69d6a24083062461207d3a00","2026-04-08T18:45:20.830000","2026-04-08T18:45:20.830000","69c292e80a168be0a1fb9df4","funcionalpplt@gmail.com","false"
"Controladoria-Geral do Estado","true","3º","CGE","69d6a21faac42565e36a06db","2026-04-08T18:44:47.928000","2026-04-08T18:44:47.928000","69c292e80a168be0a1fb9df4","funcionalpplt@gmail.com","false"
"Secretaria de Estado de Meio Ambiente e Desenvolvimento Sustentável","true","2º","SEMAD","69d6a20b6673baf71fab1a2c","2026-04-08T18:44:27.528000","2026-04-08T18:44:27.528000","69c292e80a168be0a1fb9df4","funcionalpplt@gmail.com","false"
"Secretaria de Estado de Ciência, Tecnologia e Inovação","true","1º","SECTI","69d6a1f68b4ea53be8ef6cb0","2026-04-08T18:44:06.291000","2026-04-08T18:44:06.291000","69c292e80a168be0a1fb9df4","funcionalpplt@gmail.com","false"