"name","description","equipment","video_url","photo_url","muscle_group","id","created_date","updated_date","created_by_id","created_by","is_sample"
"cadeira flexora","Sente-se na cadeira flexora, ajustando o banco para que os joelhos fiquem alinhados com o eixo de rotação da máquina. As almofadas devem estar posicionadas logo acima dos calcanhares. Mantenha a coluna reta.","cadeira","https://www.youtube.com/watch?v=AFG0wxXmTH4","https://base44.app/api/apps/69c292e80a168be0a1fb9df3/files/mp/public/69c292e80a168be0a1fb9df3/aa0972109_cadeira-flexora.gif","Posterior","6a35b5124871761f9fd3fc81","2026-06-19T21:30:58.518000","2026-06-19T21:30:58.518000","69f1eb700a436ea3154e74a6","diegolopes5660@gmail.com","false"
"Crucifixo crossover baixo /cima","puxar os cabos de baixo para cima, cruzando as mãos na frente do rosto ou do peito e proporcionando uma contração intensa.","polia","https://www.hipertrofia.org/blog/wp-content/uploads/2023/09/cable-low-fly.gif","https://base44.app/api/apps/69c292e80a168be0a1fb9df3/files/mp/public/69c292e80a168be0a1fb9df3/df856a82a_crucifixo-crossover-baixo.gif","Peito","6a29d3430fb5e748fefd5f0f","2026-06-10T21:12:35.538000","2026-06-10T21:12:35.538000","6a022607bb02a8665b64833c","ricardo.pennar2@gmail.com","false"
"crossover crucifixo porção medial","uxar cabos através de polias, mantendo os braços semiflexionados e desenhando um movimento de abraço ou abertura","polia","https://www.hipertrofia.org/blog/wp-content/uploads/2024/08/crucifixo-no-cross.gif","https://base44.app/api/apps/69c292e80a168be0a1fb9df3/files/mp/public/69c292e80a168be0a1fb9df3/351167b0b_images2.jpg","Peito","6a29d25e77d7a03911d9b3bf","2026-06-10T21:08:46.329000","2026-06-10T21:09:27.983000","6a022607bb02a8665b64833c","ricardo.pennar2@gmail.com","false"
"crossover alto","consiste em puxar os cabos de cima para baixo com os braços estendidos, cruzando as mãos à frente da pelv","polia","https://www.hipertrofia.org/blog/wp-content/uploads/2024/08/crucifixo-crossover-alto.gif","https://base44.app/api/apps/69c292e80a168be0a1fb9df3/files/mp/public/69c292e80a168be0a1fb9df3/3b543154a_Crossover-polia-alta.webp","Peito","6a29cef5da911681d856ea57","2026-06-10T20:54:13.543000","2026-06-10T21:05:00.126000","6a022607bb02a8665b64833c","ricardo.pennar2@gmail.com","false"
"cadeira adutora","Para iniciar o exercício, você deve fechar as pernas o máximo que puder e retornar à posição inicial em um movimento controlado.","cadeira adutora","https://www.google.com/search?sca_esv=b0e7c006bdd513b1&rlz=1C1GCEA_enBR1213BR1213&udm=7&fbs=ADc_l-acAb_3MMOAUx0zmbUpgBqRiigBgL2I_pgQa-94zvB054Dys3s2x_Qm_GJcU2DlSXgtwykOhjc8tZDD70ApjQy2d8G2UxiTb9Ys8-r8BdMeRPC5lQqWwz_I3eSKibdCog6uVUCQSofCk_lFngQJyA31LIY4NEDdHhu021gcVZRNeyc_s176icETNsiAPpP6B0qtTrZYAMhn3q5RC_cpPafY072NGQ&q=gif+cadeira+adutora+youtube&sa=X&ved=2ahUKEwi02KeA9fqUAxXUr5UCHS6dAxIQtKgLegQIFRAB&biw=1920&bih=919&dpr=1#fpstate=ive&ip=1&vld=cid:1fae6446,vid:Wf602gn_9zU,st:0","https://base44.app/api/apps/69c292e80a168be0a1fb9df3/files/mp/public/69c292e80a168be0a1fb9df3/4ad9ecb12_pernas-aducao-de-pernas-na-maquina.gif","Quadríceps","6a286c9f3b4bf599c86835b5","2026-06-09T19:42:23.335000","2026-06-25T21:40:34.250000","6a022607bb02a8665b64833c","ricardo.pennar2@gmail.com","false"
"ABDOMINAL INFRA","","","","https://base44.app/api/apps/69c292e80a168be0a1fb9df3/files/mp/public/69c292e80a168be0a1fb9df3/08d10ca05_abdominal-infra-inferior.gif","Abdômen","6a0cddb23c2b7db7bfa4594c","2026-05-19T22:01:22.794000","2026-05-19T22:01:22.794000","6a022607bb02a8665b64833c","ricardo.pennar2@gmail.com","false"
"ABDOMINAL REMADOR","","","","https://base44.app/api/apps/69c292e80a168be0a1fb9df3/files/mp/public/69c292e80a168be0a1fb9df3/f1ada7f49_LowerAbWorkouts_7BestLowerAbExercisestoGeta6-Pack.jpg","Abdômen","6a0cdd78b6fe169f48dd981f","2026-05-19T22:00:24.673000","2026-05-19T22:00:46.698000","6a022607bb02a8665b64833c","ricardo.pennar2@gmail.com","false"
"ABDOMINAL TRADICIONAL","Primeiro, deite de barriga para cima. Afaste um pouco as pernas e flexione os joelhos, mantendo os pés bem apoiados no chão. Coloque as mãos ao lado da cabeça;
Em seguida, eleve moderadamente o tronco, até sentir que sua musculatura abdominal está sendo trabalhada;
Então, desça em direção ao solo, mas não encoste os ombros e a cabeça no colchonete;","COM OU SEM PESO","","https://base44.app/api/apps/69c292e80a168be0a1fb9df3/files/mp/public/69c292e80a168be0a1fb9df3/41a0bec48_abdominal.gif","Abdômen","6a0cda3a462831019f911c59","2026-05-19T21:46:34.924000","2026-05-19T21:46:34.924000","6a022607bb02a8665b64833c","ricardo.pennar2@gmail.com","false"
"POLI CHINELO","Fique em pé com os pés juntos e os braços ao lado do corpo.Dobre ligeiramente os joelhos e dê um salto.Enquanto salta, afaste as pernas na largura dos ombros e levante os braços acima da cabeça, batendo as palmas das mãos.Salte de volta para a posição inicial, fechando pernas e braços.Pouse suavemente nas pontas dos pés para absorver o impacto.","JUMP","https://www.google.com/search?sa=X&rlz=1C1GCEA_enBR1213BR1213&aep=1&sca_esv=816ab6700b6066fb&sxsrf=ANbL-n7LieDQfR67eGVmm2DAiLAavpc3cw:1778714176870&udm=7&fbs=ADc_l-acAb_3MMOAUx0zmbUpgBqRiigBgL2I_pgQa-94zvB054Dys3s2x_Qm_GJcU2DlSXieuCxH018RGsE0xvw2_HKhudJGWgXPA5hzXkv3QZ3byYgKkLQJC1mHoyoW6_g7xPbXOyETqhXfqKv0jxCCoFNvq8dqBmwgb1HTPvPyAqy7oWPyWQmhQp2wsHq66Ta43SjqN1w86BXzaL53LUlV6NjvQrNX_iRTJUF4MnYCYVCoP1thJNM&q=polichinelo+video+demonstrativo+BONECO&ved=2ahUKEwjdha3VsreUAxWKrpUCHew9CqsQtKgLegQIDhAB&biw=1461&bih=953&dpr=1#fpstate=ive&vld=cid:f3def325,vid:UcUfmsfrteQ,st:0","https://base44.app/api/apps/69c292e80a168be0a1fb9df3/files/mp/public/69c292e80a168be0a1fb9df3/bbfb3ac6a_Polichinelo.webp","Panturrilha","6a04ff8fca150300c5726952","2026-05-13T22:47:43.635000","2026-05-14T22:48:09.676000","6a022607bb02a8665b64833c","ricardo.pennar2@gmail.com","false"
"Prancha","Tenha certeza absoluta de que não está:

Deixando o quadril se inclinar em direção ao chão;
Empinando o glúteo em direção ao teto;
Deixando a cabeça cair em direção ao chão de uma maneira que você consiga enxergar os pés.","","","https://base44.app/api/apps/69c292e80a168be0a1fb9df3/files/mp/public/69c292e80a168be0a1fb9df3/b8455b155_prancha-musculos-envolvidos.jpg","Abdômen","69d3cf544c5fcf472312165d","2026-04-06T15:20:52.964000","2026-04-06T15:20:52.964000","69c3d34b532ba9674f7d28c5","rafaelhagen@hotmail.com","false"
"Levantamento terra unilateral","Fique em pé com os pés alinhados com os quadris e segure um halter ou kettlebell com uma das mãos.
Comece inclinando o tronco para frente, abaixando o peso lentamente em direção ao chão enquanto eleva a perna oposta ao braço que segura o peso para trás, formando uma linha reta dos ombros ao pé.
Mantenha o núcleo contraído e os quadris alinhados, evitando que girem durante o movimento.
Retorne à posição inicial, trazendo a perna para baixo e o tronco para a posição vertical. Repita o movimento pelo número de repetições desejado antes de trocar de lado.","","","https://base44.app/api/apps/69c292e80a168be0a1fb9df3/files/mp/public/69c292e80a168be0a1fb9df3/0d199e6ca_dumbbell-single-leg-deadlift.gif","Glúteos","69cd77101dec86174ce51371","2026-04-01T19:50:40.524000","2026-04-01T19:50:40.524000","69c292e80a168be0a1fb9df4","funcionalpplt@gmail.com","false"
"Passada lateral","Fique em pé com os pés alinhados na largura dos ombros e mantenha o tronco ereto.
Dê um passo grande para o lado com uma das pernas e, ao mesmo tempo, flexione o joelho da perna que está se movendo, empurrando os quadris levemente para trás.
Mantenha a outra perna estendida, mas sem bloqueá-la, e evite que o joelho da perna em movimento ultrapasse a ponta do pé.
Volte à posição inicial empurrando com o calcanhar do pé que foi deslocado, e repita o movimento para o outro lado.
Execute o número de repetições necessárias, alternando os lados para trabalhar ambos os glúteos igualmente.","","","https://base44.app/api/apps/69c292e80a168be0a1fb9df3/files/mp/public/69c292e80a168be0a1fb9df3/602a1b735_side-lunge.gif","Glúteos","69cd76f96251313683966e3b","2026-04-01T19:50:17.495000","2026-04-01T19:50:17.495000","69c292e80a168be0a1fb9df4","funcionalpplt@gmail.com","false"
"cadeira abdutora","Sente-se na cadeira abdutora e ajuste o encosto para que suas costas fiquem apoiadas e os joelhos alinhados com as almofadas laterais.
Coloque a parte externa dos joelhos nas almofadas e segure as alças da máquina para estabilizar o tronco.
Com o tronco reto e o core estabilizado, empurre as almofadas para fora, afastando os joelhos até sentir a contração do glúteo médio.
Retorne lentamente à posição inicial, controlando o movimento para evitar que as pernas voltem de maneira brusca.
Complete o número desejado de repetições e descanse entre as séries.","maquina","","https://base44.app/api/apps/69c292e80a168be0a1fb9df3/files/mp/public/69c292e80a168be0a1fb9df3/536481dc4_lever-seated-hip-abduction.gif","Glúteos","69cd76ddb7fbb4f0d31cd232","2026-04-01T19:49:49.281000","2026-07-02T20:20:02.749000","69c292e80a168be0a1fb9df4","funcionalpplt@gmail.com","false"
"Elevação de panturrilhas sentado com halteres","Para realizar o exercício, sente-se em um banco com halteres sobre as coxas e os pés apoiados em uma superfície, como uma anilha grossa ou pequeno step. Eleve os calcanhares, contraindo as panturrilhas, depois desça lentamente até sentir o alongamento completo.","","","https://base44.app/api/apps/69c292e80a168be0a1fb9df3/files/mp/public/69c292e80a168be0a1fb9df3/17d9bbd7d_dumbbell-seated-one-leg-calf-raise-hammer-grip.gif","Panturrilha","69cd7697aa0a1acfb5a25ee5","2026-04-01T19:48:39.478000","2026-04-01T19:48:39.478000","69c292e80a168be0a1fb9df4","funcionalpplt@gmail.com","false"
"Elevação de panturrilhas sentado na máquina","Para fazer o exercício, sente-se na máquina com os pés apoiados na plataforma e o peso sobre as coxas. Eleve os calcanhares, contraindo as panturrilhas, depois desça lentamente até sentir o alongamento completo.","","","https://base44.app/api/apps/69c292e80a168be0a1fb9df3/files/mp/public/69c292e80a168be0a1fb9df3/44310711f_lever-seated-calf-raise-.gif","Panturrilha","69cd768177c6434f3f4fe3a2","2026-04-01T19:48:17.908000","2026-04-01T19:48:17.908000","69c292e80a168be0a1fb9df4","funcionalpplt@gmail.com","false"
"Elevação de panturrilhas com barra livre","Para fazer o exercício, posicione a barra nos ombros, fique em pé em uma superfície elevada estável com os pés alinhados aos ombros. Eleve os calcanhares até ficar na ponta dos pés, contraindo as panturrilhas, e depois desça lentamente.","","","https://base44.app/api/apps/69c292e80a168be0a1fb9df3/files/mp/public/69c292e80a168be0a1fb9df3/71cdec629_barbell-standing-calf-raise.gif","Panturrilha","69cd766aba3dd79f76a38f91","2026-04-01T19:47:54.443000","2026-04-01T19:47:54.443000","69c292e80a168be0a1fb9df4","funcionalpplt@gmail.com","false"
"Elevação de panturrilhas em pé com o peso do corpo","Para fazer o exercício fique em pé em um degrau ou outra superfície elevada estável, com os pés alinhados na largura dos ombros. Eleve os calcanhares o máximo possível, ficando na ponta dos pés, e desça lentamente. Repita.","","","https://base44.app/api/apps/69c292e80a168be0a1fb9df3/files/mp/public/69c292e80a168be0a1fb9df3/b31eea33e_standing-calf-raise-on-a-staircase.gif","Panturrilha","69cd764eb7656ea232b16d06","2026-04-01T19:47:26.495000","2026-04-01T19:47:26.495000","69c292e80a168be0a1fb9df4","funcionalpplt@gmail.com","false"
"Elevação de panturrilhas no leg press","Para fazer o exercício corretamente, posicione os pés na parte inferior da plataforma do leg press, com as pontas dos pés firmes e os calcanhares livres. Empurre a plataforma apenas com os pés, elevando os calcanhares e mantendo a tensão nas panturrilhas.","","","https://base44.app/api/apps/69c292e80a168be0a1fb9df3/files/mp/public/69c292e80a168be0a1fb9df3/7c1cfef41_sled-calf-press-on-leg-press.gif","Panturrilha","69cd763627eaf7f242cfd309","2026-04-01T19:47:02.757000","2026-04-01T19:47:02.757000","69c292e80a168be0a1fb9df4","funcionalpplt@gmail.com","false"
"Elevação de panturrilhas em pé na máquina","Para fazer o exercício, posicione-se na máquina com os ombros sob as almofadas, mantenha os pés na plataforma, erga os calcanhares, segure a contração e desça lentamente até sentir o alongamento.","","","https://base44.app/api/apps/69c292e80a168be0a1fb9df3/files/mp/public/69c292e80a168be0a1fb9df3/fa1f26bfd_lever-standing-calf-raise1.gif","Panturrilha","69cd76233bd41cb6e5a5be97","2026-04-01T19:46:43.416000","2026-04-01T19:46:43.416000","69c292e80a168be0a1fb9df4","funcionalpplt@gmail.com","false"
"Tríceps testa","Deite-se em um banco reto com os pés firmes no chão.
Segure a barra ou halteres com as mãos alinhadas aos ombros e estenda os braços para cima, posicionando-os acima do seu peitoral.
Flexione os cotovelos lentamente, trazendo a barra em direção à testa ou ligeiramente atrás da cabeça.
Retorne à posição inicial estendendo os braços e contraindo o tríceps no final do movimento.","","","https://base44.app/api/apps/69c292e80a168be0a1fb9df3/files/mp/public/69c292e80a168be0a1fb9df3/c7c2bb074_rosca-testa-com-barra2.gif","Tríceps","69cd75aacd66880e44501e35","2026-04-01T19:44:42.279000","2026-04-01T19:44:42.279000","69c292e80a168be0a1fb9df4","funcionalpplt@gmail.com","false"
"TRÍCEPS COICE","Apoie o joelho e a mão de um lado em um banco para estabilizar o tronco ou apenas curve o tronco, de forma livre.
Segure um halter com a outra mão e mantenha o braço superior paralelo ao tronco.
Com o cotovelo fixo, estenda o braço até que fique completamente reto, contraindo o tríceps no final.
Retorne devagar à posição inicial, controlando o peso.
Repita pelo número desejado de repetições e repita o procedimento com o outro braço.","","","https://base44.app/api/apps/69c292e80a168be0a1fb9df3/files/mp/public/69c292e80a168be0a1fb9df3/7e13eeb0f_triceps-coice.gif","Tríceps","69cd758c4f8a8200b34120d0","2026-04-01T19:44:12.658000","2026-06-22T21:57:04.327000","69c292e80a168be0a1fb9df4","funcionalpplt@gmail.com","false"
"Tríceps banco","Sente-se na borda de um banco ou plataforma estável, com as mãos apoiadas ao lado do quadril na extremidade do banco (dedos voltados para frente).
Estenda as pernas à frente, apoiando os calcanhares em outro banco ou no chão caso seja a primeira vez que esteja fazendo o movimento.
Mova os quadris para fora do banco, sustentando o peso com os braços.
Flexione os cotovelos lentamente até que formem um ângulo de aproximadamente 90 graus.
Empurre o corpo para cima, estendendo os braços até retornar à posição inicial.","","","https://base44.app/api/apps/69c292e80a168be0a1fb9df3/files/mp/public/69c292e80a168be0a1fb9df3/8eac15d7f_triceps-banco.gif","Tríceps","69cd75685aa567d23f4a00d3","2026-04-01T19:43:36.923000","2026-04-01T19:43:36.923000","69c292e80a168be0a1fb9df4","funcionalpplt@gmail.com","false"
"Flexão diamante","Comece na posição de flexão, alinhando o corpo da cabeça aos pés em uma linha reta.
Diferente da versão tradicional da flexão, alinhe as mãos formando um triângulo ou “diamante” no chão, com os polegares e indicadores tocando um no outro.
Desça o corpo ao dobrar os cotovelos, levando o peito em direção ao centro das mãos, enquanto mantém os braços próximos ao tronco.
Empurre o corpo de volta à posição inicial, contraindo o tríceps no final do movimento.","","","https://base44.app/api/apps/69c292e80a168be0a1fb9df3/files/mp/public/69c292e80a168be0a1fb9df3/455c00a57_flexao-diamante.gif","Tríceps","69cd75503f5bfd64549bc669","2026-04-01T19:43:12.278000","2026-04-01T19:43:12.278000","69c292e80a168be0a1fb9df4","funcionalpplt@gmail.com","false"
"Paralelas","Segure as barras paralelas com as mãos alinhadas aos ombros e suba para a posição inicial, com os braços esticados.
Com o corpo reto, desça até os braços formarem um ângulo de 90 graus.
Empurre o corpo de volta à posição inicial, focando na contração do tríceps.","","","https://base44.app/api/apps/69c292e80a168be0a1fb9df3/files/mp/public/69c292e80a168be0a1fb9df3/657c3158c_paralelas-para-triceps-com-carga.gif","Tríceps","69cd75382540af37c5632bd7","2026-04-01T19:42:48.897000","2026-04-01T19:42:48.897000","69c292e80a168be0a1fb9df4","funcionalpplt@gmail.com","false"
"Tríceps invertido","Ajuste a polia alta e conecte uma barra reta. Segure a barra com as palmas viradas para cima.
Fique de frente para a máquina, com o tronco ereto e os pés alinhados ao quadril.
Com os cotovelos fixos ao lado do corpo, puxe a barra para baixo até que os braços fiquem completamente estendidos.
Segure por um momento na posição final, foca","","","https://base44.app/api/apps/69c292e80a168be0a1fb9df3/files/mp/public/69c292e80a168be0a1fb9df3/6c0010560_triceps-invertido.gif","Tríceps","69cd7523295b42772221757b","2026-04-01T19:42:27.930000","2026-04-01T19:42:27.930000","69c292e80a168be0a1fb9df4","funcionalpplt@gmail.com","false"
"Supino fechado","Deite-se em um banco reto e segure uma barra com pegada mais fechada, com as mãos à uma distância próxima da largura dos ombros.
Desça a barra controladamente até que ela chegue próxima à parte inferior do peito, mantendo os cotovelos próximos ao corpo.
Empurre a barra para cima sem esticar completamente os braços no topo do movimento e permitir que as articulações suportem a carga e tirem a tensão dos músculos.","","","https://base44.app/api/apps/69c292e80a168be0a1fb9df3/files/mp/public/69c292e80a168be0a1fb9df3/6d47cc471_supino-fechado-com-barra.gif","Tríceps","69cd750eb2ca6bc5196fb59f","2026-04-01T19:42:06.861000","2026-04-01T19:42:06.861000","69c292e80a168be0a1fb9df4","funcionalpplt@gmail.com","false"
"Tríceps com barra reta ou W","O tríceps na polia ou pulley com barra reta ou W é um dos melhores exercícios para tríceps, pois promove isolamento eficiente com simplicidade e segurança.

Não é à toa que costuma estar presente no primeiro dia de treino da maioria das pessoas que começam a fazer musculação em uma academia convencional.

Mas sua principal característica vai além: incluir alguma forma de extensão com os braços ao lado do corpo, como o tríceps pulley, é essencial para dar mais foco à cabeça lateral do músculo.","","","https://base44.app/api/apps/69c292e80a168be0a1fb9df3/files/mp/public/69c292e80a168be0a1fb9df3/08d79bf9b_triceps-na-polia-com-barra-reta.gif","Tríceps","69cd74edd5e15994b897d3fc","2026-04-01T19:41:33.768000","2026-04-01T19:41:33.768000","69c292e80a168be0a1fb9df4","funcionalpplt@gmail.com","false"
"Tríceps francês","O tríceps francês, também conhecido como rosca francesa, é um dos exercícios mais importantes para tríceps, pois dá ênfase à cabeça longa do músculo — a porção mais negligenciada do tríceps.

A cabeça longa é mais exigida quando os braços estão à frente ou acima da cabeça, com os ombros em flexão, justamente o posicionamento exigido pelo exercício.

Repare que a maioria dos exercícios para tríceps é feita com os braços ao lado do corpo, o que treina principalmente a cabeça lateral, em menor grau a cabeça medial, e em um grau ainda menor a cabeça longa.","","","https://base44.app/api/apps/69c292e80a168be0a1fb9df3/files/mp/public/69c292e80a168be0a1fb9df3/719e8e48c_triceps-frances-com-um-halter-sentado.gif","Tríceps","69cd74d135643c0b6e1fdc90","2026-04-01T19:41:05.811000","2026-04-01T19:41:05.811000","69c292e80a168be0a1fb9df4","funcionalpplt@gmail.com","false"
"Tríceps corda","O tríceps corda, quando feito com os braços ao lado do corpo, é um dos melhores exercícios para treinar o tríceps, em especial a cabeça lateral do músculo.

A posição com os cotovelos fixos ao lado do corpo e a corda permitem treinar a porção lateral do tríceps com uma amplitude de movimento maior do que outras variações.

Isso ocorre principalmente porque, em variações com barra, o movimento é limitado quando a mesma atinge o corpo, o que não acontece com o “puxador” corda.","","","https://base44.app/api/apps/69c292e80a168be0a1fb9df3/files/mp/public/69c292e80a168be0a1fb9df3/4c371d528_triceps-corda-na-polia-alta.gif","Tríceps","69cd74b82a9c6735fb309df1","2026-04-01T19:40:40.400000","2026-04-01T19:40:40.400000","69c292e80a168be0a1fb9df4","funcionalpplt@gmail.com","false"
"Rosca Zottman","O movimento une a subida da rosca direta, com os punhos supinados (palmas para cima), ao controle excêntrico típico da rosca inversa, onde os punhos estão pronados (palmas para baixo) na descida. Essa combinação maximiza o estímulo tanto nos bíceps braquiais quanto nos braquiorradiais, além de exigir bastante dos músculos estabilizadores do antebraço.","","","https://base44.app/api/apps/69c292e80a168be0a1fb9df3/files/mp/public/69c292e80a168be0a1fb9df3/1ae43b8b9_rosca-zottman.gif","Bíceps","69cd748e613c674e42c277ed","2026-04-01T19:39:58.677000","2026-04-01T19:39:58.677000","69c292e80a168be0a1fb9df4","funcionalpplt@gmail.com","false"
"Rosca arrastada (drag curl)","A rosca arrastada ou drag curl é uma variação pouco convencional, mas altamente eficaz, para bíceps.

Seu diferencial está na execução: ao invés de flexionar o cotovelo com os braços à frente, os halteres ou barra são “arrastados” próximos ao corpo, com os cotovelos apontando para trás. Isso muda o foco do movimento, reduzindo o envolvimento do deltoide anterior e isolando ainda mais o bíceps, especialmente a cabeça longa.

Essa característica torna a rosca drag uma excelente escolha para quem deseja melhorar o “pico” do bíceps, já que o músculo permanece sob tensão constante durante todo o arco de movimento.","","","https://base44.app/api/apps/69c292e80a168be0a1fb9df3/files/mp/public/69c292e80a168be0a1fb9df3/fc937132c_rosca-arrastada.gif","Bíceps","69cd746a1fe5a2d60f1ec0b4","2026-04-01T19:39:22.828000","2026-04-01T19:39:22.828000","69c292e80a168be0a1fb9df4","funcionalpplt@gmail.com","false"
"Rosca martelo","Esse movimento é interessante porque, ao manter a pegada neutra (com as palmas das mãos voltadas uma para a outra), você não só trabalha os bíceps, mas também ativa bastante o braquial.

Esse músculo, localizado abaixo do bíceps, acaba sendo negligenciado na maioria dos treinos para bíceps, mas desempenha um papel importante na aparência do braço como um todo.","","","https://base44.app/api/apps/69c292e80a168be0a1fb9df3/files/mp/public/69c292e80a168be0a1fb9df3/cabff5e38_dumbbell-hammer-curl-v-2.gif","Bíceps","69cd7454b6c01fae7729b723","2026-04-01T19:39:00.382000","2026-04-01T19:39:00.382000","69c292e80a168be0a1fb9df4","funcionalpplt@gmail.com","false"
"Rosca scott","A rosca scott é um exercício clássico, com várias variações que se encaixam em inúmeras situações e contextos.

Por começar em uma posição de alongamento, o exercício recruta muito bem os músculos na parte inferior do movimento.

No entanto, à medida que o peso sobe, a tensão sobre o bíceps diminui, tornando a fase inicial a mais desafiadora.","","","https://base44.app/api/apps/69c292e80a168be0a1fb9df3/files/mp/public/69c292e80a168be0a1fb9df3/58335bff5_rosca-scott.gif","Bíceps","69cd7431f36f0b3b5e9b2f36","2026-04-01T19:38:25.676000","2026-04-01T19:38:25.676000","69c292e80a168be0a1fb9df4","funcionalpplt@gmail.com","false"
"Rosca alternada","A rosca alternada é um dos exercícios mais clássicos para bíceps.

Por ser executada com halteres, o movimento permite que cada braço trabalhe de forma independente. Isso ajuda a corrigir possíveis desequilíbrios de força entre os lados e favorece uma amplitude completa, especialmente no alongamento do músculo no final do movimento.

Outra vantagem da rosca alternada é o controle. Diferente da barra, os halteres oferecem liberdade para ajustar a posição dos punhos, o que pode aliviar desconfortos e proteger as articulações.","","","https://base44.app/api/apps/69c292e80a168be0a1fb9df3/files/mp/public/69c292e80a168be0a1fb9df3/b7d8058d4_rosca-alternada.gif","Bíceps","69cd740e847f11504f93d88d","2026-04-01T19:37:50.893000","2026-04-01T19:37:50.893000","69c292e80a168be0a1fb9df4","funcionalpplt@gmail.com","false"
"Rosca inclinada","A rosca inclinada pode parecer apenas uma rosca com halteres com mudança na angulação, mas ela vai além disso.

Ao fazer o movimento no banco inclinado em 45 graus, os bíceps são alongados de maneira mais intensa no início do movimento.

Essa posição cria um alongamento maior, o que pode ajudar a direcionar o trabalho para a cabeça longa do bíceps — aquela responsável pelo “pico” do bíceps igual do Arnold e que muitas pessoas buscam desenvolver.","","","https://base44.app/api/apps/69c292e80a168be0a1fb9df3/files/mp/public/69c292e80a168be0a1fb9df3/3e8761ebf_rosca-inclinada1.gif","Bíceps","69cd73eeb5c3635c92fa8475","2026-04-01T19:37:18.084000","2026-04-01T19:37:18.084000","69c292e80a168be0a1fb9df4","funcionalpplt@gmail.com","false"
"Rosca concentrada","A rosca concentrada é um dos melhores exercícios para isolar o bíceps e focar no máximo recrutamento muscular, especialmente na cabeça curta.

É aquele movimento onde você sente o músculo trabalhando de forma intensa e direta.

Diferente de outros exercícios mais pesados, como a rosca direta, aqui o foco não é a carga, mas sim a execução controlada e o alongamento completo do músculo. Por ser feita com um braço de cada vez, permite corrigir assimetrias e manter o trabalho mais equilibrado entre os lados.","","","https://base44.app/api/apps/69c292e80a168be0a1fb9df3/files/mp/public/69c292e80a168be0a1fb9df3/f3b09c79d_rosca-concentrada.gif","Bíceps","69cd73c7297969cca9ee3440","2026-04-01T19:36:39.920000","2026-04-01T19:36:39.920000","69c292e80a168be0a1fb9df4","funcionalpplt@gmail.com","false"
"Rosca direta na polia","A rosca direta na polia, à primeira vista, é um exercício de bíceps bastante semelhante à rosca direta com barra em pé.
O que diferencia a rosca na polia é o ângulo de resistência, característico dos exercícios que usam polia. Exercícios feitos na polia geram tensão constante no músculo ao longo de toda a amplitude do movimento.

Na prática, isso significa que não há “descanso” no final ou no topo do movimento.

A tensão contínua aumenta o tempo total em que o músculo está sob esforço, um fator importante para estimular o crescimento muscular.","","","https://base44.app/api/apps/69c292e80a168be0a1fb9df3/files/mp/public/69c292e80a168be0a1fb9df3/efdcf7366_rosca-direta-polia.gif","Bíceps","69cd73a6866e274fbb225fe1","2026-04-01T19:36:06.991000","2026-04-01T19:36:06.991000","69c292e80a168be0a1fb9df4","funcionalpplt@gmail.com","false"
"Rosca simultânea","Ambas as variações usam pegada supinada, trabalham os dois braços ao mesmo tempo (ainda que cada halter seja independente) e tem como principal músculo usado o bíceps.

No entanto, ao usar halteres, há mais liberdade para ajustar o posicionamento dos punhos e dos cotovelos de acordo com sua anatomia.

Essa versatilidade pode reduzir estresse em certas articulações (como o punho e o ombro) e, ao mesmo tempo, garantir que o estímulo no bíceps seja mantido ao longo de toda a amplitude do movimento.","","","https://base44.app/api/apps/69c292e80a168be0a1fb9df3/files/mp/public/69c292e80a168be0a1fb9df3/557c14f78_rosca-simultanea.gif","Bíceps","69cd7373d3ddade772565222","2026-04-01T19:35:15.643000","2026-04-01T19:35:15.643000","69c292e80a168be0a1fb9df4","funcionalpplt@gmail.com","false"
"Rosca direta com barra reta ou W","Quando seguramos uma barra com ambas as mãos, o movimento ganha estabilidade, permitindo levantar mais peso de forma controlada.

Isso ativa os receptores de pressão na membrana muscular, que enviam sinais ao núcleo da célula para reforçar e aumentar o músculo. “É o melhor dos mundos”, como Laércio descreve, porque o bíceps trabalha em seu comprimento médio, onde gera mais força.","","","https://base44.app/api/apps/69c292e80a168be0a1fb9df3/files/mp/public/69c292e80a168be0a1fb9df3/9ff440dd2_rosca-direta.gif","Bíceps","69cd73326c800884fba249d2","2026-04-01T19:34:10.206000","2026-04-01T19:34:10.206000","69c292e80a168be0a1fb9df4","funcionalpplt@gmail.com","false"
"Agachamento sumô","Para fazer o exercício, posicione os pés mais afastados que a largura dos ombros, com os dedos apontando para fora. Mantenha o peito erguido, abaixe os quadris até que as coxas fiquem paralelas ao chão, e depois suba de volta à posição inicial.

Mantenha o abdômen contraído durante todo o movimento, evite que os joelhos ultrapassem excessivamente a linha dos pés, e desça controladamente para evitar lesões.","","","https://base44.app/api/apps/69c292e80a168be0a1fb9df3/files/mp/public/69c292e80a168be0a1fb9df3/25f6f005e_smith-sumo-squat.gif","Quadríceps","69cd7281ec9c78705ddd66d1","2026-04-01T19:31:13.942000","2026-04-01T19:31:13.942000","69c292e80a168be0a1fb9df4","funcionalpplt@gmail.com","false"
"Good morning","Para fazer o exercício, posicione a barra nas costas, mantenha os pés na largura dos ombros e incline-se à frente com as costas retas, até sentir um alongamento nos isquiotibiais, depois volte à posição inicial.

Mantenha a coluna neutra durante todo o movimento, comece com pesos leves para dominar a técnica, contraia o abdômen para estabilidade, e evite inclinar-se excessivamente à frente.","","","https://base44.app/api/apps/69c292e80a168be0a1fb9df3/files/mp/public/69c292e80a168be0a1fb9df3/911b3d0ab_barbell-good-morning.gif","Posterior","69cd724e5b78ee5a28ed9baf","2026-04-01T19:30:22.923000","2026-04-01T19:30:22.923000","69c292e80a168be0a1fb9df4","funcionalpplt@gmail.com","false"
"Flexão nórdica","Para fazer o exercício, ajoelhe-se no chão com os tornozelos presos sob uma superfície estável, incline-se lentamente para frente, controlando a descida até o máximo possível, depois retorne à posição inicial.

Proteja os joelhos com uma almofada e, preferencialmente, comece com um parceiro segurando você durante o movimento.","","","https://base44.app/api/apps/69c292e80a168be0a1fb9df3/files/mp/public/69c292e80a168be0a1fb9df3/de3fad7bb_nordic-curl.gif","Posterior","69cd721e28d8efcd3914bdb9","2026-04-01T19:29:34.627000","2026-04-01T19:29:34.627000","69c292e80a168be0a1fb9df4","funcionalpplt@gmail.com","false"
"Levantamento terra sumô","Para fazer o exercício, posicione os pés mais afastados que a largura dos ombros, vire-os ligeiramente para fora, segure a barra com as mãos entre as pernas, agache-se mantendo as costas retas e levante a barra até a altura dos quadris.

Para executar o movimento com mais segurança lembre-se de manter a coluna neutra durante todo o movimento, recrutar o abdômen para estabilizar o corpo e sempre controlar a descida.","","","https://base44.app/api/apps/69c292e80a168be0a1fb9df3/files/mp/public/69c292e80a168be0a1fb9df3/4ab7c55b3_barbell-sumo-deadlift.gif","Glúteos","69cd71f72297d5b6a89949f1","2026-04-01T19:28:55.175000","2026-04-01T19:28:55.175000","69c292e80a168be0a1fb9df4","funcionalpplt@gmail.com","false"
"Mesa flexora","Para fazer o exercício, deite-se de bruços na mesa flexora com os joelhos alinhados com o eixo de rotação (veja a animação acima). Segure as alças na sua frente para suporte, mantenha os quadris firmes e flexione os joelhos, levando os calcanhares em direção aos glúteos. Retorne lentamente à posição inicial.

Manter os músculos abdominais e das costas flexionados durante toda a amplitude de movimento ajuda a estabilizar a parte superior do corpo, tornando mais fácil criar mais força na parte inferior do corpo e manter o foco nos isquiotibiais.","","","https://base44.app/api/apps/69c292e80a168be0a1fb9df3/files/mp/public/69c292e80a168be0a1fb9df3/b4e903e7b_lever-lying-leg-curl.gif","Posterior","69cd71cfc8efc4703e2c9f2e","2026-04-01T19:28:15.451000","2026-04-01T19:28:15.451000","69c292e80a168be0a1fb9df4","funcionalpplt@gmail.com","false"
"Cadeira extensora","Para fazer o exercício, ajuste o assento e o rolo para que suas pernas fiquem alinhadas, sente-se com as costas retas, segure as alças e estenda as pernas até que fiquem retas, depois volte lentamente à posição inicial.

Mantenha a coluna reta e o abdômen contraído durante todo o movimento, evite estender completamente as pernas para não sobrecarregar os joelhos, controle o retorno à posição inicial para evitar solavancos, utilize uma carga adequada que permita boa forma e execute o exercício de forma lenta e controlada, focando na contração dos quadríceps.","","","https://base44.app/api/apps/69c292e80a168be0a1fb9df3/files/mp/public/69c292e80a168be0a1fb9df3/dbb76d48e_lever-leg-extension.gif","Quadríceps","69cd71b22540af37c56329aa","2026-04-01T19:27:46.410000","2026-05-19T22:33:50.358000","69c292e80a168be0a1fb9df4","funcionalpplt@gmail.com","false"
"Elevação pélvica com barra","Para fazer o exercício, sente-se no chão com a parte superior das costas apoiada em um banco e os pés firmes no chão. Empurre os quadris para cima, contraindo os glúteos no topo do movimento, e retorne lentamente à posição inicial.

Mantenha o queixo levemente inclinado para baixo, contraia o abdômen para estabilizar a coluna, e evite hiper estender a lombar no topo do movimento. Use uma barra com almofada para maior conforto e controle o movimento, focando na contração dos glúteos.","","","https://base44.app/api/apps/69c292e80a168be0a1fb9df3/files/mp/public/69c292e80a168be0a1fb9df3/33bc1508d_barbell-lying-lifting-on-hip.gif","Glúteos","69cd7188ea1b26aa6c31dd26","2026-04-01T19:27:04.859000","2026-04-01T19:27:04.859000","69c292e80a168be0a1fb9df4","funcionalpplt@gmail.com","false"
"Afundo","Para fazer o exercício, dê um passo à frente com uma perna, abaixando o quadril até que ambos os joelhos formem ângulos de 90 graus, volte a posição inicial e repita com a outra perna.

Durante o movimento, certifique-se de manter o tronco em posição neutra e contraia o abdômen durante o movimento; evite que o joelho da frente ultrapasse muito a linha dos dedos do pé.","","","https://base44.app/api/apps/69c292e80a168be0a1fb9df3/files/mp/public/69c292e80a168be0a1fb9df3/fecbed905_dumbbell-lunge.gif","Quadríceps","69cd715045afac563269bc36","2026-04-01T19:26:08.924000","2026-04-01T19:26:08.924000","69c292e80a168be0a1fb9df4","funcionalpplt@gmail.com","false"
"Agachamento goblet","Para fazer o exercício, segure um halter ou kettlebell com as duas mãos à frente do peito, mantendo os cotovelos apontados para baixo. Agache-se até que suas coxas fiquem paralelas ao chão, mantendo o peito erguido e a coluna neutra. Volte à posição inicial.

Para melhores resultados e segurança, mantenha o peso nos calcanhares e os joelhos alinhados com os pés durante o movimento. Evite deixar os joelhos colapsarem para dentro e não deixe o peso se afastar do corpo. Comece com um peso leve para dominar a técnica antes de aumentar a carga.","","","https://base44.app/api/apps/69c292e80a168be0a1fb9df3/files/mp/public/69c292e80a168be0a1fb9df3/6abf82130_dumbbell-goblet-squat.gif","Quadríceps","69cd71392281688be09f2a44","2026-04-01T19:25:45.644000","2026-04-01T19:25:45.644000","69c292e80a168be0a1fb9df4","funcionalpplt@gmail.com","false"
"Levantamento terra romeno","Para fazer o exercício corretamente, mantenha os pés afastados na largura dos ombros, segure a barra com as mãos na largura dos ombros, mantenha a coluna reta, desça a barra até a altura dos joelhos ou um pouco abaixo, mantendo uma leve flexão nos joelhos.

Além disso, mantenha a barra próxima ao corpo durante todo o movimento, evite arredondar a coluna, contraia os glúteos no topo do movimento, use pesos moderados para focar na forma, e aqueça bem antes de iniciar o exercício.","","","https://base44.app/api/apps/69c292e80a168be0a1fb9df3/files/mp/public/69c292e80a168be0a1fb9df3/19280c937_Barbell-Romanian-Deadlift.gif","Posterior","69cd7107432f39dfdbb49dbd","2026-04-01T19:24:55.066000","2026-04-01T19:24:55.066000","69c292e80a168be0a1fb9df4","funcionalpplt@gmail.com","false"
"Stiff","Para fazer o exercício, mantenha os pés na largura dos ombros, segure a barra com as mãos ligeiramente mais largas que os ombros e desça o peso com a coluna reta e os joelhos ligeiramente flexionados até sentir um alongamento nos isquiotibiais, então volte à posição inicial.

Lembre-se de manter a coluna neutra, não arredonde as costas, desça o peso lentamente controlando o movimento e evite hiperextensão ao retornar. Concentre-se em sentir o alongamento nos isquiotibiais e ative os glúteos durante a subida para maximizar o recrutamento muscular e evitar lesões.","","","https://base44.app/api/apps/69c292e80a168be0a1fb9df3/files/mp/public/69c292e80a168be0a1fb9df3/2a7c349db_dumbbell-stiff-leg-deadlift.gif","Posterior","69cd70ded900c90448754081","2026-04-01T19:24:14.857000","2026-06-30T20:16:02.220000","69c292e80a168be0a1fb9df4","funcionalpplt@gmail.com","false"
"Agachamento hack","Para fazer o exercício corretamente, posicione-se na máquina com os ombros apoiados nas almofadas e os pés afastados na plataforma. Desça lentamente até que os joelhos formem um ângulo de 90 graus, depois empurre de volta para a posição inicial.

Mantenha os pés afastados na largura dos ombros e levemente voltados para fora, não permita que os joelhos ultrapassem a linha dos pés, mantenha a coluna reta e evite travar completamente os joelhos no final do movimento para proteger as articulações.","","","https://base44.app/api/apps/69c292e80a168be0a1fb9df3/files/mp/public/69c292e80a168be0a1fb9df3/334aa27e6_sled-hack-squat.gif","Quadríceps","69cd70be0278d3cfe925ac89","2026-04-01T19:23:42.691000","2026-04-01T19:23:42.691000","69c292e80a168be0a1fb9df4","funcionalpplt@gmail.com","false"
"Leg press","Para fazer o exercício corretamente, sente-se na máquina, posicione os pés na plataforma na largura dos ombros, e empurre a plataforma até as pernas ficarem quase estendidas, depois volte à posição inicial.

Dicas para executar o movimento com mais resultados e segurança: mantenha os pés bem posicionados na plataforma para evitar sobrecarregar os joelhos, não estenda completamente as pernas para proteger as articulações, e controle o movimento tanto na subida quanto na descida para maximizar o trabalho muscular e prevenir lesões.","","","https://base44.app/api/apps/69c292e80a168be0a1fb9df3/files/mp/public/69c292e80a168be0a1fb9df3/bebc2ecaa_sled-45-leg-press-side-pov.gif","Quadríceps","69cd709afb5ca90f00a53d35","2026-04-01T19:23:06.333000","2026-04-01T19:23:06.333000","69c292e80a168be0a1fb9df4","funcionalpplt@gmail.com","false"
"Agachamento búlgaro","Para fazer o exercício, posicione um pé atrás de você em um banco enquanto o outro fica firmemente plantado no chão. Agache-se até que o joelho da perna de trás quase toque o chão, depois levante-se.

Mantenha o tronco ereto e os ombros para trás, olhe para frente para ajudar no equilíbrio, e certifique-se de que o joelho da perna da frente não ultrapasse muito os dedos dos pés.","","","https://base44.app/api/apps/69c292e80a168be0a1fb9df3/files/mp/public/69c292e80a168be0a1fb9df3/1fbcb0385_agachamento-bulgaro.gif","Quadríceps","69cd707dad58c582b333e904","2026-04-01T19:22:37.041000","2026-04-01T19:22:37.041000","69c292e80a168be0a1fb9df4","funcionalpplt@gmail.com","false"
"Agachamento frontal","Para fazer o exercício, posicione a barra sobre os ombros frontais, mantenha o peito erguido, agache-se até que as coxas fiquem paralelas ao chão e depois retorne à posição inicial.

Lembre-se de manter o core contraído durante todo o movimento, distribua o peso uniformemente nos pés, evite que os joelhos avancem muito além dos dedos dos pés e comece com pesos leves se você não está acostumado a fazer agachamento frontal.","","","https://base44.app/api/apps/69c292e80a168be0a1fb9df3/files/mp/public/69c292e80a168be0a1fb9df3/d8582e50b_front-squat.gif","Quadríceps","69cd705d77ebfdb16ab6a53c","2026-04-01T19:22:05.050000","2026-04-01T19:22:05.050000","69c292e80a168be0a1fb9df4","funcionalpplt@gmail.com","false"
"Agachamento livre","Para fazer o exercício, posicione a barra nos ombros, mantenha os pés alinhados com os ombros e agache-se até que as coxas estejam paralelas ao chão, mantendo o peito erguido e a coluna neutra. Em seguida, volte à posição inicial.

Procure manter a postura correta, com coluna neutra, peito erguido e pés alinhados com os ombros, garantindo que os joelhos não ultrapassem muito a linha dos pés durante a descida para evitar lesões.","","","https://base44.app/api/apps/69c292e80a168be0a1fb9df3/files/mp/public/69c292e80a168be0a1fb9df3/f96ab848d_barbell-high-bar-squat.gif","Quadríceps","69cd70436d79d78e8bfad975","2026-04-01T19:21:39.291000","2026-04-01T19:21:39.291000","69c292e80a168be0a1fb9df4","funcionalpplt@gmail.com","false"
"Voador invertido","A execução correta exige atenção: sente-se no aparelho de costas para o encosto, ajustando a altura para que os braços fiquem paralelos ao chão. Com uma leve flexão nos cotovelos, abra os braços até sentir a contração dos músculos entre as escápulas e retorne lentamente.","","","https://base44.app/api/apps/69c292e80a168be0a1fb9df3/files/mp/public/69c292e80a168be0a1fb9df3/a1dc06aee_lever-seated-reverse-fly-parallel-grip.gif","Costas","69cd6ff95e6fe9d7a1721f5b","2026-04-01T19:20:25.845000","2026-05-13T22:09:11.333000","69c292e80a168be0a1fb9df4","funcionalpplt@gmail.com","false"
"Encolhimento","Para executar corretamente, mantenha os pés alinhados com os ombros, segure os halteres ao lado do corpo, com os braços estendidos, e eleve os ombros como se quisesse encostá-los nas orelhas — simples, mas potente.

O segredo está em não balançar o corpo nem dobrar os cotovelos, deixando todo o trabalho concentrado no trapézio. E sim, é normal sentir aquela “queimação” no músculo depois de algumas repetições; na verdade, isso significa que você está no caminho certo.","","","https://base44.app/api/apps/69c292e80a168be0a1fb9df3/files/mp/public/69c292e80a168be0a1fb9df3/04d91882e_dumbbell-shrug.gif","Costas","69cd6fce3e9dd45e648f37c0","2026-04-01T19:19:42.456000","2026-04-01T19:19:42.456000","69c292e80a168be0a1fb9df4","funcionalpplt@gmail.com","false"
"Barra fixa supinada (chin up)","Para executar corretamente o chin-up, segure a barra com as mãos na largura dos ombros, pendure-se com os braços completamente estendidos e puxe o corpo para cima até que o queixo ultrapasse a barra, mantendo o controle e evitando balanços desnecessários.

O retorno à posição inicial deve ser lento e controlado, porque a descida é tão importante quanto a subida.","","","https://base44.app/api/apps/69c292e80a168be0a1fb9df3/files/mp/public/69c292e80a168be0a1fb9df3/73f47344f_chinup.gif","Costas","69cd6fbabe2b44038f6be35f","2026-04-01T19:19:22.052000","2026-04-01T19:19:22.052000","69c292e80a168be0a1fb9df4","funcionalpplt@gmail.com","false"
"Remada baixa","Para executar corretamente, sente-se com o tronco ereto, posicione os pés nos apoios e segure o pegador com firmeza. Mantenha o abdômen contraído para estabilizar a lombar e puxe o cabo em direção ao abdômen, contraindo as escápulas como se estivesse tentando apertar uma caneta entre elas.

Depois, retorne à posição inicial controlando a descida – sem deixar a carga puxar você como se fosse um elástico solto. Além de trabalhar as costas, é um ótimo exercício para melhorar a postura, o que significa que, além de mais força, você ainda ganha pontos no quesito elegância!","","","https://base44.app/api/apps/69c292e80a168be0a1fb9df3/files/mp/public/69c292e80a168be0a1fb9df3/0df74a248_cable-straight-back-seated-row.gif","Costas","69cd6fa2eb8cfccfe547b258","2026-04-01T19:18:58.729000","2026-04-01T19:18:58.729000","69c292e80a168be0a1fb9df4","funcionalpplt@gmail.com","false"
"Pull down","Para fazer corretamente, você deve ajustar a polia alta e segurar a barra reta com as mãos um pouco mais largas que a largura dos ombros, mantendo os braços estendidos, mas não completamente travados.

Incline levemente o tronco para frente e puxe a barra em direção aos quadris, mantendo uma leve contração abdominal para estabilizar o corpo.

O segredo está em evitar compensações, como dobrar os cotovelos ou deixar os ombros subirem no final do movimento. Controle a descida e sinta o dorsal trabalhando em cada centímetro. É como educar o músculo a fazer o trabalho certo, sem chamar “ajuda extra” de outros grupos, e, acredite, o resultado nas costas vale cada repetição.","","","https://base44.app/api/apps/69c292e80a168be0a1fb9df3/files/mp/public/69c292e80a168be0a1fb9df3/d4c50631b_pulldown.gif","Costas","69cd6f8c1fe5a2d60f1ebd3f","2026-04-01T19:18:36.312000","2026-04-01T19:18:36.312000","69c292e80a168be0a1fb9df4","funcionalpplt@gmail.com","false"
"Remada serrote","Para executá-lo corretamente, você deve posicionar um joelho e a mão do mesmo lado sobre um banco, enquanto mantém a coluna reta e o abdômen ativado para estabilizar o tronco.

Com a outra mão, puxe o halter em direção ao quadril, mantendo o cotovelo próximo ao corpo e evitando movimentos bruscos ou rotação do tronco.

Controle a descida para maximizar o recrutamento muscular e evitar depender apenas da gravidade. Se fizer tudo certo, vai sentir que está ativando exatamente os músculos certos, e seus dorsais vão te agradecer — talvez com um pouco de dor no dia seguinte, mas é aquela dor boa, sabe?","","","https://base44.app/api/apps/69c292e80a168be0a1fb9df3/files/mp/public/69c292e80a168be0a1fb9df3/02434e0c3_dumbbell-one-arm-bentover-row.gif","Costas","69cd6f75cc298c4286679f5b","2026-04-01T19:18:13.188000","2026-04-01T19:18:13.188000","69c292e80a168be0a1fb9df4","funcionalpplt@gmail.com","false"
"Remada curvada","Para fazer corretamente, posicione os pés na largura dos ombros, segure a barra com uma pegada pronada e incline o tronco para frente, mantendo a coluna neutra (essa parte é crucial — ninguém quer uma lesão lombar, certo?).

A barra deve ser puxada em direção à parte inferior do peito, com os cotovelos próximos ao corpo, e depois devolvida lentamente à posição inicial. O controle é o que faz a diferença entre ativar o músculo ou só balançar o peso. Pode parecer simples, mas execute com atenção e verá que ele entrega resultados incríveis.","","","https://base44.app/api/apps/69c292e80a168be0a1fb9df3/files/mp/public/69c292e80a168be0a1fb9df3/07274d943_barbell-bent-over-row.gif","Costas","69cd6f5bbb933aa1b03589f2","2026-04-01T19:17:47.131000","2026-04-01T19:17:47.131000","69c292e80a168be0a1fb9df4","funcionalpplt@gmail.com","false"
"Puxada Alta supinada/pronada","Para fazer o exercício corretamente, o truque é manter o tronco ligeiramente inclinado para trás, segurar a barra com as mãos um pouco mais largas que os ombros e puxar em direção ao peito, mantendo os cotovelos sempre para baixo.

Nada de usar o corpo para ajudar no movimento, porque aí quem trabalha é a gravidade e não seus músculos. Controle é a palavra de ordem na descida, viu? Deixe o peso subir devagar e sinta o músculo alongar.","","","https://base44.app/api/apps/69c292e80a168be0a1fb9df3/files/mp/public/69c292e80a168be0a1fb9df3/18c98398e_cable-pulldown.gif","Costas","69cd6f41e1c92870b493803c","2026-04-01T19:17:21.751000","2026-07-02T20:21:28.817000","69c292e80a168be0a1fb9df4","funcionalpplt@gmail.com","false"
"Barra-fixa","A execução é simples, mas exige técnica: segure a barra com as mãos um pouco mais largas que os ombros, palmas para frente, e deixe os braços esticados.

A partir daí, puxe o corpo para cima até seu queixo passar da barra, sem pressa. O segredo está no controle — tanto na subida quanto na descida — e na postura firme, sem balançar como se estivesse tentando voar.

Se ainda não rola fazer sozinho, não tem problema usar uma máquina assistida, como o Gráviton, ou até um elástico de apoio, porque o importante é construir força gradualmente.","","","https://base44.app/api/apps/69c292e80a168be0a1fb9df3/files/mp/public/69c292e80a168be0a1fb9df3/adbc9efbe_pullup.gif","Costas","69cd6f1b90c43ea044ac4b2f","2026-04-01T19:16:43.110000","2026-04-01T19:16:43.110000","69c292e80a168be0a1fb9df4","funcionalpplt@gmail.com","false"
"Crucifixo invertido com halteres","Para fazer o exercício incline o tronco para frente, segure os halteres com os braços estendidos e levante-os lateralmente até que fiquem alinhados com os ombros. Controle o movimento na descida, mantendo os cotovelos levemente flexionados.","","","https://base44.app/api/apps/69c292e80a168be0a1fb9df3/files/mp/public/69c292e80a168be0a1fb9df3/c05143e8e_crucifixo-invertido-com-halteres.gif","Ombros","69cd6ec4d37a9067d7111c70","2026-04-01T19:15:16.790000","2026-04-01T19:15:16.790000","69c292e80a168be0a1fb9df4","funcionalpplt@gmail.com","false"
"Voador invertido","Para fazer o exercício, ajuste o assento na altura correta, sente-se de frente para a máquina com o peito apoiado, segure as alças com os braços estendidos e, com controle, abra os braços até sentir a contração dos ombros posteriores. Retorne lentamente à posição inicial.","","","https://base44.app/api/apps/69c292e80a168be0a1fb9df3/files/mp/public/69c292e80a168be0a1fb9df3/f9a710314_lever-seated-reverse-fly-parallel-grip.gif","Ombros","69cd6ea6fb22e868e8c19a8b","2026-04-01T19:14:46.116000","2026-04-01T19:14:46.116000","69c292e80a168be0a1fb9df4","funcionalpplt@gmail.com","false"
"Face pull","ara fazer o exercício, posicione-se em frente a uma polia alta com corda, segurando-a com as palmas voltadas para dentro. Puxe a corda em direção ao rosto, mantendo os cotovelos elevados e afastados. Concentre-se em contrair as escápulas e mantenha o tronco firme. Retorne lentamente.","","","https://base44.app/api/apps/69c292e80a168be0a1fb9df3/files/mp/public/69c292e80a168be0a1fb9df3/54a23dcc0_Face-Pull.gif","Ombros","69cd6e8813b97be8fb62db31","2026-04-01T19:14:16.839000","2026-04-01T19:14:16.839000","69c292e80a168be0a1fb9df4","funcionalpplt@gmail.com","false"
"Remada alta com halteres","Para fazer o exercício, segure os halteres com as palmas voltadas para o corpo, braços estendidos. Puxe os halteres para cima, mantendo-os próximos ao corpo, até que estejam na altura do peito. Mantenha os cotovelos acima dos punhos e volte à posição inicial controlando o movimento.","","","https://base44.app/api/apps/69c292e80a168be0a1fb9df3/files/mp/public/69c292e80a168be0a1fb9df3/5988a6f1f_dumbbell-upright-row.gif","Ombros","69cd6e6e9c64015d8c59e8f9","2026-04-01T19:13:50.533000","2026-04-01T19:13:50.533000","69c292e80a168be0a1fb9df4","funcionalpplt@gmail.com","false"
"Remada alta com barra","Para fazer o exercício, segure a barra com uma pegada ligeiramente mais larga que a largura dos ombros, mantenha o tronco ereto e puxe a barra até a altura do peito, mantendo os cotovelos elevados. Desça a barra controladamente até a posição inicial, mantendo boa postura.","","","https://base44.app/api/apps/69c292e80a168be0a1fb9df3/files/mp/public/69c292e80a168be0a1fb9df3/abf87afc2_barbell-widegrip-upright-row.gif","Ombros","69cd6e22a3fc54dfa9d15b24","2026-04-01T19:12:34.156000","2026-04-01T19:12:34.156000","69c292e80a168be0a1fb9df4","funcionalpplt@gmail.com","false"
"Elevação lateral com cabo","Para fazer o exercício, segure a alça do cabo com uma mão, mantendo o tronco firme. Levante o braço lateralmente até a altura do ombro, com o cotovelo levemente flexionado. Desça o braço de forma controlada e repita.","","","https://base44.app/api/apps/69c292e80a168be0a1fb9df3/files/mp/public/69c292e80a168be0a1fb9df3/a6add110e_elevacao-lateral-inclinada.gif","Ombros","69cd6e07f4167fd0a416ce23","2026-04-01T19:12:07.046000","2026-04-01T19:12:07.046000","69c292e80a168be0a1fb9df4","funcionalpplt@gmail.com","false"
"Elevação lateral inclinada","Para fazer o exercício, segure-se com uma mão em uma estrutura estável e fique com o tronco inclinado lateralmente (vide ilustração acima), com a mão livre segure um halter com o braço estendido e levante-o até a altura do ombro. Desça lentamente, controlando o movimento, e repita.","","","https://base44.app/api/apps/69c292e80a168be0a1fb9df3/files/mp/public/69c292e80a168be0a1fb9df3/749b76f6f_elevacao-lateral-com-halteres-inclinada.gif","Ombros","69cd6dd67d07303362e9e0a6","2026-04-01T19:11:18.263000","2026-04-01T19:11:18.263000","69c292e80a168be0a1fb9df4","funcionalpplt@gmail.com","false"
"Elevação frontal com halteres","Para fazer o exercício, fique em pé, segurando halteres com as palmas voltadas para as coxas. Levante os halteres à sua frente até a altura dos ombros, mantendo os braços retos e o abdômen contraído. Desça lentamente à posição inicial e repita, mantendo o controle durante o movimento.","","","https://base44.app/api/apps/69c292e80a168be0a1fb9df3/files/mp/public/69c292e80a168be0a1fb9df3/fe206f193_barbell-front-raise.gif","Ombros","69cd6dc12c1bd27d14b2300a","2026-04-01T19:10:57.163000","2026-04-01T19:10:57.163000","69c292e80a168be0a1fb9df4","funcionalpplt@gmail.com","false"
"Elevação lateral na polia","Para fazer o exercício, ajuste a altura da polia, segure o cabo com uma das mãos e mantenha o tronco estável. Eleve o braço lateralmente até a altura do ombro, sem dobrar o cotovelo, e retorne lentamente à posição inicial.","","","https://base44.app/api/apps/69c292e80a168be0a1fb9df3/files/mp/public/69c292e80a168be0a1fb9df3/b8ff21323_cable-one-arm-lateral-raise1.gif","Ombros","69cd6d6032f764dc7804d81a","2026-04-01T19:09:20.346000","2026-04-01T19:10:18.978000","69c292e80a168be0a1fb9df4","funcionalpplt@gmail.com","false"
"Elevação lateral com halteres","Para fazer o exercício, fique em pé com os pés na largura dos ombros, segure os halteres ao lado do corpo e, com os braços levemente flexionados, eleve-os até a altura dos ombros. Controle a descida para maximizar o esforço.","","","https://base44.app/api/apps/69c292e80a168be0a1fb9df3/files/mp/public/69c292e80a168be0a1fb9df3/5b6ff7c9e_dumbbell-lateral-raise.gif","Ombros","69cd6d538c6bcd3ee0b47fab","2026-04-01T19:09:07.620000","2026-04-01T19:09:07.620000","69c292e80a168be0a1fb9df4","funcionalpplt@gmail.com","false"
"Desenvolvimento Arnold","Para fazer o exercício, sente-se com a coluna reta, segure os halteres na altura dos ombros, com as palmas viradas para o corpo. Enquanto eleva os pesos acima da cabeça, gire os pulsos até que as palmas fiquem voltadas para frente. Retorne à posição inicial controladamente.","","","https://base44.app/api/apps/69c292e80a168be0a1fb9df3/files/mp/public/69c292e80a168be0a1fb9df3/018b9c2d0_dumbbell-arnold-press.gif","Ombros","69cd6d32842485d74807753f","2026-04-01T19:08:34.425000","2026-04-01T19:08:34.425000","69c292e80a168be0a1fb9df4","funcionalpplt@gmail.com","false"
"Desenvolvimento com halteres","Para fazer o exercício, sente-se em um banco, mantenha as costas retas, segure os halteres na altura dos ombros, com as palmas das mãos voltadas para a frente, e empurre-os para cima até que os braços estejam totalmente estendidos. Em seguida, retorne à posição inicial controladamente.","","","https://base44.app/api/apps/69c292e80a168be0a1fb9df3/files/mp/public/69c292e80a168be0a1fb9df3/63ed887d9_dumbbell-arnold-press.gif","Ombros","69cd6d1ca3816bacb1f1ee2b","2026-04-01T19:08:12.807000","2026-04-01T19:08:12.807000","69c292e80a168be0a1fb9df4","funcionalpplt@gmail.com","false"
"Desenvolvimento com barra","Para fazer o exercício segure a barra na altura dos ombros com as mãos afastadas na largura dos ombros sentado ou em pé, mantenha o tronco firme e empurre a barra para cima até estender totalmente os cotovelos. Retorne controladamente à posição inicial.","","","https://base44.app/api/apps/69c292e80a168be0a1fb9df3/files/mp/public/69c292e80a168be0a1fb9df3/62a2655c4_desenvolvimento-com-barra-sentado.gif","Ombros","69cd6cfdab761fc5bbcf4957","2026-04-01T19:07:41.814000","2026-04-01T19:07:41.814000","69c292e80a168be0a1fb9df4","funcionalpplt@gmail.com","false"
"Flexão de braço","Comece com as mãos alinhadas aos ombros e o corpo em linha reta. Abaixe-se dobrando os cotovelos até que o peito quase toque o chão. Empurre para voltar à posição inicial, mantendo a postura.","","","https://base44.app/api/apps/69c292e80a168be0a1fb9df3/files/mp/public/69c292e80a168be0a1fb9df3/4c0706501_flexao-braco.gif","Peito","69cd6bf98dc50f728e27fd3d","2026-04-01T19:03:21.342000","2026-04-01T19:03:21.342000","69c292e80a168be0a1fb9df4","funcionalpplt@gmail.com","false"
"Voador ou peck deck","Para fazer o exercício corretamente, sente-se na máquina com os pés firmes no chão. Pegue na hastes laterais em uma altura discretamente abaixo da linha do ombro. Inspire e puxe as hastes em direção ao centro, mantendo uma curvatura leve nos cotovelos. Expire e retorne as hastes controladamente até as laterais.","","","https://base44.app/api/apps/69c292e80a168be0a1fb9df3/files/mp/public/69c292e80a168be0a1fb9df3/19d9fb672_voador-deck-peck.gif","Peito","69cd6be2fd49897f0bd3aee1","2026-04-01T19:02:58.886000","2026-04-01T19:02:58.886000","69c292e80a168be0a1fb9df4","funcionalpplt@gmail.com","false"
"Pullover com halteres","Deite-se em um banco, segurando um haltere com ambas as mãos acima do peito. Com os braços levemente dobrados, abaixe o haltere lentamente atrás da cabeça até sentir um alongamento no peitoral. Retorne à posição inicial, contraindo os músculos do peito e mantendo o controle do movimento.","","","https://base44.app/api/apps/69c292e80a168be0a1fb9df3/files/mp/public/69c292e80a168be0a1fb9df3/582a1f26d_pullover-halter.gif","Peito","69cd6bd3ab6664f425834c87","2026-04-01T19:02:43.250000","2026-04-01T19:02:43.250000","69c292e80a168be0a1fb9df4","funcionalpplt@gmail.com","false"
"Paralelas","Posicione-se entre duas barras paralelas, segure firmemente e eleve-se até que os braços estejam esticados. Abaixe o corpo lentamente até que os cotovelos estejam em ângulo reto, inclinando o tronco para frente conforme desce (vide animação acima). Agora, empurre o corpo para cima até a posição inicial.","","","https://base44.app/api/apps/69c292e80a168be0a1fb9df3/files/mp/public/69c292e80a168be0a1fb9df3/61ad5d578_paralelas.gif","Peito","69cd6bbdecf967c17dd640c4","2026-04-01T19:02:21.451000","2026-04-01T19:02:21.451000","69c292e80a168be0a1fb9df4","funcionalpplt@gmail.com","false"
"Supino máquina","Ajuste o assento para que os punhos estejam alinhados próximo da altura dos ombros. Segure as alças firmemente, empurre para fora sem estender completamente os cotovelos no topo do movimento. Retorne lentamente à posição inicial, mantendo o controle e não deixando carga cair em queda livre.","","","https://base44.app/api/apps/69c292e80a168be0a1fb9df3/files/mp/public/69c292e80a168be0a1fb9df3/07d9a76c0_supino-maquina.gif","Peito","69cd6baa693785af67693c56","2026-04-01T19:02:02.252000","2026-04-01T19:02:02.252000","69c292e80a168be0a1fb9df4","funcionalpplt@gmail.com","false"
"Crucifixo","Deite-se em um banco plano com um haltere em cada mão. Estenda os braços para os lados, mantendo uma leve flexão nos cotovelos. Levante os halteres em um arco suave até que se encontrem acima do peito. Retorne lentamente à posição inicial.","","","https://base44.app/api/apps/69c292e80a168be0a1fb9df3/files/mp/public/69c292e80a168be0a1fb9df3/ec14539c1_crucifixo.gif","Peito","69cd6b92e451d61a45beeebb","2026-04-01T19:01:38.148000","2026-04-01T19:01:38.148000","69c292e80a168be0a1fb9df4","funcionalpplt@gmail.com","false"
"Supino declinado (canadense)","Posicione-se deitado em um banco declinado com os pés fixados. Segure a barra na largura dos ombros e abaixe-a até o peito lentamente. Empurre a barra para cima até estender completamente os braços. Repita o movimento controladamente.","","","https://base44.app/api/apps/69c292e80a168be0a1fb9df3/files/mp/public/69c292e80a168be0a1fb9df3/e9bbff0b3_supino-declinado.gif","Peito","69cd6b7220092d421aa54c01","2026-04-01T19:01:06.132000","2026-04-01T19:01:06.132000","69c292e80a168be0a1fb9df4","funcionalpplt@gmail.com","false"
"Supino reto","Deite-se de costas em um banco, com os pés firmes no chão. Segure a barra com as mãos um pouco mais largas que os ombros, abaixe-a lentamente até o peito e empurre-a para cima até estender completamente os braços.","","","https://base44.app/api/apps/69c292e80a168be0a1fb9df3/files/mp/public/69c292e80a168be0a1fb9df3/9074a1f69_supino-reto.gif","Peito","69cd6b5be3fff453e065ca04","2026-04-01T19:00:43.719000","2026-04-01T19:00:43.719000","69c292e80a168be0a1fb9df4","funcionalpplt@gmail.com","false"
"Supino inclinado","Incline o banco entre 30 e 45 graus. Deite-se de costas, segure a barra com as mãos um pouco mais largas que os ombros. Abaixe a barra até o peito e empurre para cima até estender completamente os braços. Mantenha o controle e a postura.","","","https://base44.app/api/apps/69c292e80a168be0a1fb9df3/files/mp/public/69c292e80a168be0a1fb9df3/c6bd45644_supino-inclinado.gif","Peito","69cd6b402540af37c5632668","2026-04-01T19:00:16.934000","2026-04-01T19:00:16.934000","69c292e80a168be0a1fb9df4","funcionalpplt@gmail.com","false"