"student_id","student_name","data_hora","tipo","id","created_date","updated_date","created_by_id","created_by","is_sample"
"69cab49382a748187c66ec50","Thiago Marques Leão","2026-05-29 16:21:38","entrada","6a19e74952d4ebcd3c75a1d8","2026-05-29T19:21:45.602000","2026-05-29T19:21:45.602000","service_b73c5787-6990-41b0-9126-fd1a7f83d894","service+b73c5787-6990-41b0-9126-fd1a7f83d894@no-reply.base44.com","false"
"69cab4b25f739b9e014b59df","Joao Vitor Pedroza","2026-05-29 16:06:48","entrada","6a19e3ccaeef5b9835e82ddd","2026-05-29T19:06:52.691000","2026-05-29T19:06:52.691000","service_b73c5787-6990-41b0-9126-fd1a7f83d894","service+b73c5787-6990-41b0-9126-fd1a7f83d894@no-reply.base44.com","false"
"6a15d611390b03b5280412b4","Hérika Pabline Lima Veras","2026-05-29 16:03:50","entrada","6a19e31afb9b403242a60157","2026-05-29T19:03:54.669000","2026-05-29T19:03:54.669000","service_b73c5787-6990-41b0-9126-fd1a7f83d894","service+b73c5787-6990-41b0-9126-fd1a7f83d894@no-reply.base44.com","false"
"69cab48b4ae3b7f6a68fd706","Sallyan Vinhadeli Vasconcelos","2026-05-29 16:03:44","entrada","6a19e315b0cc5303162e37dc","2026-05-29T19:03:49.844000","2026-05-29T19:03:49.844000","service_b73c5787-6990-41b0-9126-fd1a7f83d894","service+b73c5787-6990-41b0-9126-fd1a7f83d894@no-reply.base44.com","false"
"69cab48c17c5690cf3d30c6d","Indiara Porfírio Ribeiro","2026-05-29 16:03:38","entrada","6a19e31200c31dcbd649ee37","2026-05-29T19:03:46.811000","2026-05-29T19:03:46.811000","service_b73c5787-6990-41b0-9126-fd1a7f83d894","service+b73c5787-6990-41b0-9126-fd1a7f83d894@no-reply.base44.com","false"
"69cab4a2f74af4c7f98e624b","Paulo Henrique Nunes da Silva Araújo","2026-05-29 15:58:14","entrada","6a19e1cc24031983d49d3043","2026-05-29T18:58:20.774000","2026-05-29T18:58:20.774000","service_b73c5787-6990-41b0-9126-fd1a7f83d894","service+b73c5787-6990-41b0-9126-fd1a7f83d894@no-reply.base44.com","false"
"69cab4e2c35c29533c905645","Jorge Luiz de Oliveira Matias","2026-05-29 15:50:57","entrada","6a19e017ebf4e6ad0688e088","2026-05-29T18:51:03.560000","2026-05-29T18:51:03.560000","service_b73c5787-6990-41b0-9126-fd1a7f83d894","service+b73c5787-6990-41b0-9126-fd1a7f83d894@no-reply.base44.com","false"
"6a0f398f99b4529be22e7d03","Vitor Hugo de Sousa Soares","2026-05-29 15:27:17","saida","6a19da8d7db2a4c73c6da253","2026-05-29T18:27:25.681000","2026-05-29T18:27:25.681000","service_b73c5787-6990-41b0-9126-fd1a7f83d894","service+b73c5787-6990-41b0-9126-fd1a7f83d894@no-reply.base44.com","false"
"69cab4e300553dca6de39a7f","Gabriele Batista","2026-05-29 15:03:58","entrada","6a19d514334c73d46da3e482","2026-05-29T18:04:04.639000","2026-05-29T18:04:04.639000","service_b73c5787-6990-41b0-9126-fd1a7f83d894","service+b73c5787-6990-41b0-9126-fd1a7f83d894@no-reply.base44.com","false"
"69cab53186a8212571cbebfa","Marcia da Silva Coutinho","2026-05-29 14:26:54","saida","6a19cc647e3528dcf68098c1","2026-05-29T17:27:00.394000","2026-05-29T17:27:00.394000","service_b73c5787-6990-41b0-9126-fd1a7f83d894","service+b73c5787-6990-41b0-9126-fd1a7f83d894@no-reply.base44.com","false"
"6a0f398f99b4529be22e7d03","Vitor Hugo de Sousa Soares","2026-05-29 14:22:13","entrada","6a19cb4c5adec860394e4b50","2026-05-29T17:22:20.347000","2026-05-29T17:22:20.347000","service_b73c5787-6990-41b0-9126-fd1a7f83d894","service+b73c5787-6990-41b0-9126-fd1a7f83d894@no-reply.base44.com","false"
"69f88df9ff9cd30a3a32d365","Johnathan Pereira de Sousa","2026-05-29 14:16:15","saida","6a19c9e5efdcdb7e16fa0047","2026-05-29T17:16:21.685000","2026-05-29T17:16:21.685000","service_b73c5787-6990-41b0-9126-fd1a7f83d894","service+b73c5787-6990-41b0-9126-fd1a7f83d894@no-reply.base44.com","false"
"69cab4a03ab6550526927a0e","Lia Rodrigues de Oliveira","2026-05-29 14:12:18","saida","6a19c8f9fdf07b7c80ce9e58","2026-05-29T17:12:25.256000","2026-05-29T17:12:25.256000","service_b73c5787-6990-41b0-9126-fd1a7f83d894","service+b73c5787-6990-41b0-9126-fd1a7f83d894@no-reply.base44.com","false"
"69cab4a3c1c42a0056c3ec30","Marcos Rodrigo da Silva","2026-05-29 14:07:44","saida","6a19c7e78c65a000f894f736","2026-05-29T17:07:51.656000","2026-05-29T17:07:51.656000","service_b73c5787-6990-41b0-9126-fd1a7f83d894","service+b73c5787-6990-41b0-9126-fd1a7f83d894@no-reply.base44.com","false"
"69cab5298bf415ccbaf69560","Raniery Morais Miranda","2026-05-29 13:55:28","saida","6a19c504657e05b4227620c9","2026-05-29T16:55:32.931000","2026-05-29T16:55:32.931000","service_b73c5787-6990-41b0-9126-fd1a7f83d894","service+b73c5787-6990-41b0-9126-fd1a7f83d894@no-reply.base44.com","false"
"69cab51df127d1812d9c9585","Gilvan José Meireles","2026-05-29 13:52:37","saida","6a19c45bea66c6bb449eb33d","2026-05-29T16:52:43.766000","2026-05-29T16:52:43.766000","service_b73c5787-6990-41b0-9126-fd1a7f83d894","service+b73c5787-6990-41b0-9126-fd1a7f83d894@no-reply.base44.com","false"
"69c2d3ee87aec14ce3dd0d68","Rafael Londe Hagen","2026-05-29 13:20:30","saida","6a19bcd607a58b1cd01cea0b","2026-05-29T16:20:38.146000","2026-05-29T16:20:38.146000","service_b73c5787-6990-41b0-9126-fd1a7f83d894","service+b73c5787-6990-41b0-9126-fd1a7f83d894@no-reply.base44.com","false"
"69cab51d8bf415ccbaf6955b","Guilherme Lima de Sena","2026-05-29 13:17:42","saida","6a19bc2d50e3a05f5cf02860","2026-05-29T16:17:49.144000","2026-05-29T16:17:49.144000","service_b73c5787-6990-41b0-9126-fd1a7f83d894","service+b73c5787-6990-41b0-9126-fd1a7f83d894@no-reply.base44.com","false"
"69cab53186a8212571cbebfa","Marcia da Silva Coutinho","2026-05-29 13:15:11","entrada","6a19bb9440b400c2cdc873b1","2026-05-29T16:15:16.084000","2026-05-29T16:15:16.084000","service_b73c5787-6990-41b0-9126-fd1a7f83d894","service+b73c5787-6990-41b0-9126-fd1a7f83d894@no-reply.base44.com","false"
"69cab48b36611447155e197c","Nádya de Sá Almeida Costa Silva","2026-05-29 13:13:15","saida","6a19bb20edc6c9129ff7d578","2026-05-29T16:13:20.607000","2026-05-29T16:13:20.607000","service_b73c5787-6990-41b0-9126-fd1a7f83d894","service+b73c5787-6990-41b0-9126-fd1a7f83d894@no-reply.base44.com","false"
"69cab4ee69e0c3af82747389","Thayller Adriell Souza Garcia","2026-05-29 13:12:55","saida","6a19bb0d21fdf27f144f1158","2026-05-29T16:13:01.901000","2026-05-29T16:13:01.901000","service_b73c5787-6990-41b0-9126-fd1a7f83d894","service+b73c5787-6990-41b0-9126-fd1a7f83d894@no-reply.base44.com","false"
"69cab51cf59bbda43a5c5d57","José Porto França Neto","2026-05-29 13:12:06","saida","6a19bade04f1b3bc78bf0f2d","2026-05-29T16:12:14.319000","2026-05-29T16:12:14.319000","service_b73c5787-6990-41b0-9126-fd1a7f83d894","service+b73c5787-6990-41b0-9126-fd1a7f83d894@no-reply.base44.com","false"
"6a16ff021e7aed126219459f","Sandra Francisca Bandeira ","2026-05-29 13:09:14","saida","6a19ba2fa4edbfcfef393a62","2026-05-29T16:09:19.952000","2026-05-29T16:09:19.952000","service_b73c5787-6990-41b0-9126-fd1a7f83d894","service+b73c5787-6990-41b0-9126-fd1a7f83d894@no-reply.base44.com","false"
"69f88df9ff9cd30a3a32d365","Johnathan Pereira de Sousa","2026-05-29 13:08:57","entrada","6a19ba208868e4abb21b7173","2026-05-29T16:09:04.333000","2026-05-29T16:09:04.333000","service_b73c5787-6990-41b0-9126-fd1a7f83d894","service+b73c5787-6990-41b0-9126-fd1a7f83d894@no-reply.base44.com","false"
"6a16e9a8f78a8dd4bceafe2a","Helena de Castro Côrtes","2026-05-29 13:08:33","saida","6a19ba09193a08b05ce64ac6","2026-05-29T16:08:41.260000","2026-05-29T16:08:41.260000","service_b73c5787-6990-41b0-9126-fd1a7f83d894","service+b73c5787-6990-41b0-9126-fd1a7f83d894@no-reply.base44.com","false"
"6a1093b55c869df7da1218e1","Talíta Maria Carvalho de Lima ","2026-05-29 13:04:14","saida","6a19b90569882d4be3ac1986","2026-05-29T16:04:21.429000","2026-05-29T16:04:21.429000","service_b73c5787-6990-41b0-9126-fd1a7f83d894","service+b73c5787-6990-41b0-9126-fd1a7f83d894@no-reply.base44.com","false"
"69cab4a3c1c42a0056c3ec30","Marcos Rodrigo da Silva","2026-05-29 13:01:52","entrada","6a19b87434d2f406269f402b","2026-05-29T16:01:56.091000","2026-05-29T16:01:56.091000","service_b73c5787-6990-41b0-9126-fd1a7f83d894","service+b73c5787-6990-41b0-9126-fd1a7f83d894@no-reply.base44.com","false"
"69cab5298bf415ccbaf69560","Raniery Morais Miranda","2026-05-29 13:01:40","entrada","6a19b86a8a6fd0587580d0cd","2026-05-29T16:01:46.983000","2026-05-29T16:01:46.983000","service_b73c5787-6990-41b0-9126-fd1a7f83d894","service+b73c5787-6990-41b0-9126-fd1a7f83d894@no-reply.base44.com","false"
"69cab4ee1d5dca09ed497c22","Raphael de Lima Carvalho Moraes","2026-05-29 13:01:17","entrada","6a19b854cb90cbc950fe52c4","2026-05-29T16:01:24.638000","2026-05-29T16:01:24.638000","service_b73c5787-6990-41b0-9126-fd1a7f83d894","service+b73c5787-6990-41b0-9126-fd1a7f83d894@no-reply.base44.com","false"
"69cab50d46c2a710ba93c1d4","Ismael José dos Santos Filho","2026-05-29 12:59:18","saida","6a19b7dccb2f04e8f02d8dc0","2026-05-29T15:59:24.592000","2026-05-29T15:59:24.592000","service_b73c5787-6990-41b0-9126-fd1a7f83d894","service+b73c5787-6990-41b0-9126-fd1a7f83d894@no-reply.base44.com","false"
"69cab51df127d1812d9c9585","Gilvan José Meireles","2026-05-29 12:57:35","entrada","6a19b7748689029b616038a0","2026-05-29T15:57:40.446000","2026-05-29T15:57:40.446000","service_b73c5787-6990-41b0-9126-fd1a7f83d894","service+b73c5787-6990-41b0-9126-fd1a7f83d894@no-reply.base44.com","false"
"69cab4a03ab6550526927a0e","Lia Rodrigues de Oliveira","2026-05-29 12:51:29","entrada","6a19b6062b5f2dfa88e08026","2026-05-29T15:51:34.783000","2026-05-29T15:51:34.783000","service_b73c5787-6990-41b0-9126-fd1a7f83d894","service+b73c5787-6990-41b0-9126-fd1a7f83d894@no-reply.base44.com","false"
"69cab510f59bbda43a5c5d53","Jonathas Prado","2026-05-29 12:31:56","entrada","6a19b1728c65a000f894cfd6","2026-05-29T15:32:02.638000","2026-05-29T15:32:02.638000","service_b73c5787-6990-41b0-9126-fd1a7f83d894","service+b73c5787-6990-41b0-9126-fd1a7f83d894@no-reply.base44.com","false"
"69cab48b36611447155e197c","Nádya de Sá Almeida Costa Silva","2026-05-29 12:21:47","entrada","6a19af1361b4ece353bfdcd3","2026-05-29T15:21:55.054000","2026-05-29T15:21:55.054000","service_b73c5787-6990-41b0-9126-fd1a7f83d894","service+b73c5787-6990-41b0-9126-fd1a7f83d894@no-reply.base44.com","false"
"69cab4b251341c5e34b04b2e","Sandy Gonçalves Santana","2026-05-29 12:16:52","saida","6a19adeae7b6d761140fbae6","2026-05-29T15:16:58.355000","2026-05-29T15:16:58.355000","service_b73c5787-6990-41b0-9126-fd1a7f83d894","service+b73c5787-6990-41b0-9126-fd1a7f83d894@no-reply.base44.com","false"
"69cab4ee69e0c3af82747389","Thayller Adriell Souza Garcia","2026-05-29 12:12:40","entrada","6a19acee0f1b76783995dac0","2026-05-29T15:12:46.786000","2026-05-29T15:12:46.786000","service_b73c5787-6990-41b0-9126-fd1a7f83d894","service+b73c5787-6990-41b0-9126-fd1a7f83d894@no-reply.base44.com","false"
"6a05cb2bf126cffdabe7fbfa","Paloma Leal Frazão","2026-05-29 12:10:34","entrada","6a19ac6fc40664e79d3029b1","2026-05-29T15:10:39.622000","2026-05-29T15:10:39.622000","service_b73c5787-6990-41b0-9126-fd1a7f83d894","service+b73c5787-6990-41b0-9126-fd1a7f83d894@no-reply.base44.com","false"
"69cab51d8bf415ccbaf6955b","Guilherme Lima de Sena","2026-05-29 12:10:28","entrada","6a19ac6ad3b7988f5673a1bc","2026-05-29T15:10:34.719000","2026-05-29T15:10:34.719000","service_b73c5787-6990-41b0-9126-fd1a7f83d894","service+b73c5787-6990-41b0-9126-fd1a7f83d894@no-reply.base44.com","false"
"69cab51cf59bbda43a5c5d57","José Porto França Neto","2026-05-29 12:10:24","entrada","6a19ac67ec7fc9bb649ae98f","2026-05-29T15:10:31.279000","2026-05-29T15:10:31.279000","service_b73c5787-6990-41b0-9126-fd1a7f83d894","service+b73c5787-6990-41b0-9126-fd1a7f83d894@no-reply.base44.com","false"
"6a16e9a8f78a8dd4bceafe2a","Helena de Castro Côrtes","2026-05-29 12:05:33","entrada","6a19ab43f226085d23a3ad41","2026-05-29T15:05:39.136000","2026-05-29T15:05:39.136000","service_b73c5787-6990-41b0-9126-fd1a7f83d894","service+b73c5787-6990-41b0-9126-fd1a7f83d894@no-reply.base44.com","false"
"6a16ff021e7aed126219459f","Sandra Francisca Bandeira ","2026-05-29 12:05:27","entrada","6a19ab3c4364afac2bbc5bb3","2026-05-29T15:05:32.195000","2026-05-29T15:05:32.195000","service_b73c5787-6990-41b0-9126-fd1a7f83d894","service+b73c5787-6990-41b0-9126-fd1a7f83d894@no-reply.base44.com","false"
"69cab50d46c2a710ba93c1d4","Ismael José dos Santos Filho","2026-05-29 12:03:45","entrada","6a19aad81b12798fea821e4d","2026-05-29T15:03:52.170000","2026-05-29T15:03:52.170000","service_b73c5787-6990-41b0-9126-fd1a7f83d894","service+b73c5787-6990-41b0-9126-fd1a7f83d894@no-reply.base44.com","false"
"69c2d3ee87aec14ce3dd0d68","Rafael Londe Hagen","2026-05-29 11:57:43","entrada","6a19a96eef411221565f8d17","2026-05-29T14:57:50.645000","2026-05-29T14:57:50.645000","service_b73c5787-6990-41b0-9126-fd1a7f83d894","service+b73c5787-6990-41b0-9126-fd1a7f83d894@no-reply.base44.com","false"
"6a1093b55c869df7da1218e1","Talíta Maria Carvalho de Lima ","2026-05-29 11:56:48","entrada","6a19a93811c8fb9d5ab17971","2026-05-29T14:56:56.833000","2026-05-29T14:56:56.833000","service_b73c5787-6990-41b0-9126-fd1a7f83d894","service+b73c5787-6990-41b0-9126-fd1a7f83d894@no-reply.base44.com","false"
"6a0cb0c2e3d9f640adbed26b","Carlos alexandre da costa ","2026-05-29 11:49:31","entrada","6a19a78250c5a0bc0f19e268","2026-05-29T14:49:38.843000","2026-05-29T14:49:38.843000","service_b73c5787-6990-41b0-9126-fd1a7f83d894","service+b73c5787-6990-41b0-9126-fd1a7f83d894@no-reply.base44.com","false"
"69cab4e1f0a4c74ea03ff22a","Isabela Arantes Mota","2026-05-29 11:10:28","entrada","6a199e59267d44ba8579dd39","2026-05-29T14:10:33.694000","2026-05-29T14:10:33.694000","service_b73c5787-6990-41b0-9126-fd1a7f83d894","service+b73c5787-6990-41b0-9126-fd1a7f83d894@no-reply.base44.com","false"
"69cab5540b51026b52fe7cb7","Laura Fernandes Mendes","2026-05-29 11:10:24","entrada","6a199e56d91245bd540e6474","2026-05-29T14:10:30.134000","2026-05-29T14:10:30.134000","service_b73c5787-6990-41b0-9126-fd1a7f83d894","service+b73c5787-6990-41b0-9126-fd1a7f83d894@no-reply.base44.com","false"
"69cab4b251341c5e34b04b2e","Sandy Gonçalves Santana","2026-05-29 11:06:03","entrada","6a199d51556f980368577841","2026-05-29T14:06:09.698000","2026-05-29T14:06:09.698000","service_b73c5787-6990-41b0-9126-fd1a7f83d894","service+b73c5787-6990-41b0-9126-fd1a7f83d894@no-reply.base44.com","false"
"69cab498a17506f70c6237c3","André Fonseca Pinto Osorio","2026-05-29 07:51:13","entrada","6a196fa9ade5240d1f0fdfba","2026-05-29T10:51:21.900000","2026-05-29T10:51:21.900000","service_b73c5787-6990-41b0-9126-fd1a7f83d894","service+b73c5787-6990-41b0-9126-fd1a7f83d894@no-reply.base44.com","false"
"69cab496d430c0cf1dbd7e72","Ana Clara Barbacena Camelo","2026-05-28 19:52:41","saida","6a18c73f28f6ec3335c00183","2026-05-28T22:52:47.650000","2026-05-28T22:52:47.650000","service_b73c5787-6990-41b0-9126-fd1a7f83d894","service+b73c5787-6990-41b0-9126-fd1a7f83d894@no-reply.base44.com","false"
"6a15d57c344b691a4877ca97","Marília da Silva Oliveira ","2026-05-28 19:07:48","saida","6a18bcba68f4b1151bf5e38c","2026-05-28T22:07:54.226000","2026-05-28T22:07:54.226000","service_b73c5787-6990-41b0-9126-fd1a7f83d894","service+b73c5787-6990-41b0-9126-fd1a7f83d894@no-reply.base44.com","false"
"69efa4149a982f6976102820","Thayane Cristina Tavares da Silva","2026-05-28 19:06:28","saida","6a18bc6a76ef62656f635b82","2026-05-28T22:06:34.736000","2026-05-28T22:06:34.736000","service_b73c5787-6990-41b0-9126-fd1a7f83d894","service+b73c5787-6990-41b0-9126-fd1a7f83d894@no-reply.base44.com","false"
"69cab49fb9d3a0623eb94b4a","Danilo de Sousa Prado","2026-05-28 19:03:35","saida","6a18bbbdf0f56feab6200767","2026-05-28T22:03:41.361000","2026-05-28T22:03:41.361000","service_b73c5787-6990-41b0-9126-fd1a7f83d894","service+b73c5787-6990-41b0-9126-fd1a7f83d894@no-reply.base44.com","false"
"69cab496d430c0cf1dbd7e72","Ana Clara Barbacena Camelo","2026-05-28 18:56:40","entrada","6a18ba1ff378100a038b4453","2026-05-28T21:56:47.171000","2026-05-28T21:56:47.171000","service_b73c5787-6990-41b0-9126-fd1a7f83d894","service+b73c5787-6990-41b0-9126-fd1a7f83d894@no-reply.base44.com","false"
"69cab48cce1c3df3215b2752","Jhulli Êmily Martins Nunes","2026-05-28 18:28:12","saida","6a18b3703b127caba9a31acd","2026-05-28T21:28:16.606000","2026-05-28T21:28:16.606000","service_b73c5787-6990-41b0-9126-fd1a7f83d894","service+b73c5787-6990-41b0-9126-fd1a7f83d894@no-reply.base44.com","false"
"69cab498f494b0e0a3a2252c","Sophia Lannah Beatriz Ferreira de Sousa","2026-05-28 18:16:19","entrada","6a18b0a6ed23e5d0ee7c0ca7","2026-05-28T21:16:22.794000","2026-05-28T21:16:22.794000","service_b73c5787-6990-41b0-9126-fd1a7f83d894","service+b73c5787-6990-41b0-9126-fd1a7f83d894@no-reply.base44.com","false"
"6a15d57c344b691a4877ca97","Marília da Silva Oliveira ","2026-05-28 18:07:10","entrada","6a18ae823576e14be2e2916c","2026-05-28T21:07:14.985000","2026-05-28T21:07:14.985000","service_b73c5787-6990-41b0-9126-fd1a7f83d894","service+b73c5787-6990-41b0-9126-fd1a7f83d894@no-reply.base44.com","false"
"69fc846f76670092689fba5b","Giovanna Alves Guardiere ","2026-05-28 18:03:55","saida","6a18adc0ee7dc0f8047d5296","2026-05-28T21:04:00.601000","2026-05-28T21:04:00.601000","service_b73c5787-6990-41b0-9126-fd1a7f83d894","service+b73c5787-6990-41b0-9126-fd1a7f83d894@no-reply.base44.com","false"
"69cab53d8efef97e8a0f03b3","Antonino Batista Júnior","2026-05-28 18:01:58","saida","6a18ad4c4f07fd928963bb84","2026-05-28T21:02:04.551000","2026-05-28T21:02:04.551000","service_b73c5787-6990-41b0-9126-fd1a7f83d894","service+b73c5787-6990-41b0-9126-fd1a7f83d894@no-reply.base44.com","false"
"69efa4149a982f6976102820","Thayane Cristina Tavares da Silva","2026-05-28 17:58:48","entrada","6a18ac8c6c8477709bce39c5","2026-05-28T20:58:52.453000","2026-05-28T20:58:52.453000","service_b73c5787-6990-41b0-9126-fd1a7f83d894","service+b73c5787-6990-41b0-9126-fd1a7f83d894@no-reply.base44.com","false"
"69cab51d8bf415ccbaf6955b","Guilherme Lima de Sena","2026-05-28 17:58:42","entrada","6a18ac881f91bba6e8c0d6e3","2026-05-28T20:58:48.590000","2026-05-28T20:58:48.590000","service_b73c5787-6990-41b0-9126-fd1a7f83d894","service+b73c5787-6990-41b0-9126-fd1a7f83d894@no-reply.base44.com","false"
"69cab49fb9d3a0623eb94b4a","Danilo de Sousa Prado","2026-05-28 17:56:53","entrada","6a18ac1a6981e084c0302ae9","2026-05-28T20:56:58.027000","2026-05-28T20:56:58.027000","service_b73c5787-6990-41b0-9126-fd1a7f83d894","service+b73c5787-6990-41b0-9126-fd1a7f83d894@no-reply.base44.com","false"
"69cab4e300553dca6de39a7f","Gabriele Batista","2026-05-28 17:54:46","saida","6a18ab9984a0d74961a8d6d8","2026-05-28T20:54:49.777000","2026-05-28T20:54:49.777000","service_b73c5787-6990-41b0-9126-fd1a7f83d894","service+b73c5787-6990-41b0-9126-fd1a7f83d894@no-reply.base44.com","false"
"69cab497891322eb46e67534","Michelle Calisto Ferreira","2026-05-28 17:54:29","saida","6a18ab8ad395c034e5185596","2026-05-28T20:54:34.733000","2026-05-28T20:54:34.733000","service_b73c5787-6990-41b0-9126-fd1a7f83d894","service+b73c5787-6990-41b0-9126-fd1a7f83d894@no-reply.base44.com","false"
"69efb8d18f7abcfc7bc5e6e0","Maria Aparecida Carneiro de Mendonça","2026-05-28 17:54:24","saida","6a18ab87fcf4caadd15ff284","2026-05-28T20:54:31.383000","2026-05-28T20:54:31.383000","service_b73c5787-6990-41b0-9126-fd1a7f83d894","service+b73c5787-6990-41b0-9126-fd1a7f83d894@no-reply.base44.com","false"
"69cab499a4016fdcc7a67982","Adriel Simões de Mendonça","2026-05-28 17:51:56","saida","6a18aaf13068ac3f222f220c","2026-05-28T20:52:01.165000","2026-05-28T20:52:01.165000","service_b73c5787-6990-41b0-9126-fd1a7f83d894","service+b73c5787-6990-41b0-9126-fd1a7f83d894@no-reply.base44.com","false"
"69cab4e2c35c29533c905645","Jorge Luiz de Oliveira Matias","2026-05-28 17:42:43","saida","6a18a8c9fdefea633f01cecc","2026-05-28T20:42:49.960000","2026-05-28T20:42:49.960000","service_b73c5787-6990-41b0-9126-fd1a7f83d894","service+b73c5787-6990-41b0-9126-fd1a7f83d894@no-reply.base44.com","false"
"69cab48b4ae3b7f6a68fd706","Sallyan Vinhadeli Vasconcelos","2026-05-28 17:23:16","saida","6a18a43adea7f5f54df87379","2026-05-28T20:23:22.746000","2026-05-28T20:23:22.746000","service_b73c5787-6990-41b0-9126-fd1a7f83d894","service+b73c5787-6990-41b0-9126-fd1a7f83d894@no-reply.base44.com","false"
"69cab4850c384307831324d8","Karla Correia Mendes","2026-05-28 17:20:55","saida","6a18a3acd8e8269b611afe7b","2026-05-28T20:21:00.017000","2026-05-28T20:21:00.017000","service_b73c5787-6990-41b0-9126-fd1a7f83d894","service+b73c5787-6990-41b0-9126-fd1a7f83d894@no-reply.base44.com","false"
"69cab48cce1c3df3215b2752","Jhulli Êmily Martins Nunes","2026-05-28 17:18:00","entrada","6a18a2fe18cec6e294c2fee5","2026-05-28T20:18:06.049000","2026-05-28T20:18:06.049000","service_b73c5787-6990-41b0-9126-fd1a7f83d894","service+b73c5787-6990-41b0-9126-fd1a7f83d894@no-reply.base44.com","false"
"69cab499a4016fdcc7a67982","Adriel Simões de Mendonça","2026-05-28 17:11:28","entrada","6a18a176addea32ecf6ac09d","2026-05-28T20:11:34.138000","2026-05-28T20:11:34.138000","service_b73c5787-6990-41b0-9126-fd1a7f83d894","service+b73c5787-6990-41b0-9126-fd1a7f83d894@no-reply.base44.com","false"
"69cab49ee29fe8dc7e61491a","Douglas Fleury Parreira Barros","2026-05-28 17:11:16","entrada","6a18a169454c75cf0c7be07f","2026-05-28T20:11:21.951000","2026-05-28T20:11:21.951000","service_b73c5787-6990-41b0-9126-fd1a7f83d894","service+b73c5787-6990-41b0-9126-fd1a7f83d894@no-reply.base44.com","false"
"69cab53d8efef97e8a0f03b3","Antonino Batista Júnior","2026-05-28 17:09:19","entrada","6a18a0f4dea7f5f54df8718d","2026-05-28T20:09:24.324000","2026-05-28T20:09:24.324000","service_b73c5787-6990-41b0-9126-fd1a7f83d894","service+b73c5787-6990-41b0-9126-fd1a7f83d894@no-reply.base44.com","false"
"69fc846f76670092689fba5b","Giovanna Alves Guardiere ","2026-05-28 17:05:26","entrada","6a18a012c3f0f03a5e96144a","2026-05-28T20:05:38.843000","2026-05-28T20:05:38.843000","service_b73c5787-6990-41b0-9126-fd1a7f83d894","service+b73c5787-6990-41b0-9126-fd1a7f83d894@no-reply.base44.com","false"
"69cab4e2c35c29533c905645","Jorge Luiz de Oliveira Matias","2026-05-28 17:02:28","entrada","6a189f5a40e045244174ed28","2026-05-28T20:02:34.509000","2026-05-28T20:02:34.509000","service_b73c5787-6990-41b0-9126-fd1a7f83d894","service+b73c5787-6990-41b0-9126-fd1a7f83d894@no-reply.base44.com","false"
"69cab497891322eb46e67534","Michelle Calisto Ferreira","2026-05-28 16:55:13","entrada","6a189da7317df2b3926fd910","2026-05-28T19:55:19.544000","2026-05-28T19:55:19.544000","service_b73c5787-6990-41b0-9126-fd1a7f83d894","service+b73c5787-6990-41b0-9126-fd1a7f83d894@no-reply.base44.com","false"
"69efb8d18f7abcfc7bc5e6e0","Maria Aparecida Carneiro de Mendonça","2026-05-28 16:55:07","entrada","6a189da113bf0c4b58aabb2c","2026-05-28T19:55:13.063000","2026-05-28T19:55:13.063000","service_b73c5787-6990-41b0-9126-fd1a7f83d894","service+b73c5787-6990-41b0-9126-fd1a7f83d894@no-reply.base44.com","false"
"69cab5409b141921d6a9baca","Brenuo Victor Rodrigues Barbosa","2026-05-28 16:50:55","saida","6a189ca5197d458ab7cd0c33","2026-05-28T19:51:01.371000","2026-05-28T19:51:01.371000","service_b73c5787-6990-41b0-9126-fd1a7f83d894","service+b73c5787-6990-41b0-9126-fd1a7f83d894@no-reply.base44.com","false"
"69cab4e300553dca6de39a7f","Gabriele Batista","2026-05-28 16:49:41","entrada","6a189c5bf3c0e9c45f2363f5","2026-05-28T19:49:47.570000","2026-05-28T19:49:47.570000","service_b73c5787-6990-41b0-9126-fd1a7f83d894","service+b73c5787-6990-41b0-9126-fd1a7f83d894@no-reply.base44.com","false"
"6a0cb324fe02d307baa470e9","Breno Manoel de Freitas ","2026-05-28 16:44:50","saida","6a189b36e81f3ac3c8b5369e","2026-05-28T19:44:54.959000","2026-05-28T19:44:54.959000","service_b73c5787-6990-41b0-9126-fd1a7f83d894","service+b73c5787-6990-41b0-9126-fd1a7f83d894@no-reply.base44.com","false"
"69cab4850c384307831324d8","Karla Correia Mendes","2026-05-28 16:09:04","entrada","6a1892d417a9a2dfd87d0c8e","2026-05-28T19:09:08.439000","2026-05-28T19:09:08.439000","service_b73c5787-6990-41b0-9126-fd1a7f83d894","service+b73c5787-6990-41b0-9126-fd1a7f83d894@no-reply.base44.com","false"
"69cab48b4ae3b7f6a68fd706","Sallyan Vinhadeli Vasconcelos","2026-05-28 16:08:59","entrada","6a1892d13774093e5a08c8a5","2026-05-28T19:09:05.760000","2026-05-28T19:09:05.760000","service_b73c5787-6990-41b0-9126-fd1a7f83d894","service+b73c5787-6990-41b0-9126-fd1a7f83d894@no-reply.base44.com","false"
"69cab5409b141921d6a9baca","Brenuo Victor Rodrigues Barbosa","2026-05-28 16:03:09","entrada","6a18917202654a384dc1e824","2026-05-28T19:03:14.579000","2026-05-28T19:03:14.579000","service_b73c5787-6990-41b0-9126-fd1a7f83d894","service+b73c5787-6990-41b0-9126-fd1a7f83d894@no-reply.base44.com","false"
"6a0cb324fe02d307baa470e9","Breno Manoel de Freitas ","2026-05-28 15:57:56","entrada","6a18903a4c621aa0ca89201b","2026-05-28T18:58:02.825000","2026-05-28T18:58:02.825000","service_b73c5787-6990-41b0-9126-fd1a7f83d894","service+b73c5787-6990-41b0-9126-fd1a7f83d894@no-reply.base44.com","false"
"69cab53186a8212571cbebfa","Marcia da Silva Coutinho","2026-05-28T17:24:44.313Z","saida","6a187a5da3c6b37573ccc941","2026-05-28T17:24:45.268000","2026-05-28T17:24:45.268000","service_b73c5787-6990-41b0-9126-fd1a7f83d894","service+b73c5787-6990-41b0-9126-fd1a7f83d894@no-reply.base44.com","false"
"6a04588acee8394872f618be","Ambrosiane de Sousa Leite","2026-05-28T17:15:40.686Z","saida","6a18783dbe041abbe0951886","2026-05-28T17:15:41.033000","2026-05-28T17:15:41.033000","service_b73c5787-6990-41b0-9126-fd1a7f83d894","service+b73c5787-6990-41b0-9126-fd1a7f83d894@no-reply.base44.com","false"
"69cab51df127d1812d9c9585","Gilvan José Meireles","2026-05-28T17:13:34.874Z","saida","6a1877bf52b0d2f07cb819fa","2026-05-28T17:13:35.751000","2026-05-28T17:13:35.751000","service_b73c5787-6990-41b0-9126-fd1a7f83d894","service+b73c5787-6990-41b0-9126-fd1a7f83d894@no-reply.base44.com","false"
"69f88df9ff9cd30a3a32d365","Johnathan Pereira de Sousa","2026-05-28T17:06:13.220Z","saida","6a1876065d2c8def590d4816","2026-05-28T17:06:14.309000","2026-05-28T17:06:14.309000","service_b73c5787-6990-41b0-9126-fd1a7f83d894","service+b73c5787-6990-41b0-9126-fd1a7f83d894@no-reply.base44.com","false"
"69cab4fdb65777e18fa16281","Marcio Junio Rodrigues de Freitas","2026-05-28T17:04:33.712Z","saida","6a1875a2556d78642a076ccd","2026-05-28T17:04:34.851000","2026-05-28T17:04:34.851000","service_b73c5787-6990-41b0-9126-fd1a7f83d894","service+b73c5787-6990-41b0-9126-fd1a7f83d894@no-reply.base44.com","false"
"6a0f398f99b4529be22e7d03","Vitor Hugo de Sousa Soares","2026-05-28T16:57:41.226Z","entrada","6a187405ebf699296e5e67dc","2026-05-28T16:57:41.513000","2026-05-28T16:57:41.513000","service_b73c5787-6990-41b0-9126-fd1a7f83d894","service+b73c5787-6990-41b0-9126-fd1a7f83d894@no-reply.base44.com","false"
"69cab4a6d780b67cefdd205b","Guilherme Henrique Silva Costa","2026-05-28T16:45:27.652Z","saida","6a18712740f818efe2de8df1","2026-05-28T16:45:27.976000","2026-05-28T16:45:27.976000","service_b73c5787-6990-41b0-9126-fd1a7f83d894","service+b73c5787-6990-41b0-9126-fd1a7f83d894@no-reply.base44.com","false"
"69cab51df127d1812d9c9585","Gilvan José Meireles","2026-05-28T16:38:18.825Z","entrada","6a186f7bffaa5b34faa290bf","2026-05-28T16:38:19.833000","2026-05-28T16:38:19.833000","service_b73c5787-6990-41b0-9126-fd1a7f83d894","service+b73c5787-6990-41b0-9126-fd1a7f83d894@no-reply.base44.com","false"
"69cab53f95aecd6313a1094a","Lucas Façanha de Oliveira Carvalho","2026-05-28T16:24:12.598Z","saida","6a186c2d6fde733d40ad5bbc","2026-05-28T16:24:13.581000","2026-05-28T16:24:13.581000","service_b73c5787-6990-41b0-9126-fd1a7f83d894","service+b73c5787-6990-41b0-9126-fd1a7f83d894@no-reply.base44.com","false"
"69cab4c7e7844c08c870606b","Ana Kássia Souza Frota","2026-05-28T16:22:17.751Z","saida","6a186bb93c2ab02882741bcc","2026-05-28T16:22:17.965000","2026-05-28T16:22:17.965000","service_b73c5787-6990-41b0-9126-fd1a7f83d894","service+b73c5787-6990-41b0-9126-fd1a7f83d894@no-reply.base44.com","false"
"69cab50d46c2a710ba93c1d4","Ismael José dos Santos Filho","2026-05-28T16:19:07.316Z","saida","6a186afb1c4c67e2f06b45a6","2026-05-28T16:19:07.519000","2026-05-28T16:19:07.519000","service_b73c5787-6990-41b0-9126-fd1a7f83d894","service+b73c5787-6990-41b0-9126-fd1a7f83d894@no-reply.base44.com","false"
"69cab50d46c2a710ba93c1d4","Ismael José dos Santos Filho","2026-05-28T16:18:59.475Z","entrada","6a186af4d3a5c11e79f61889","2026-05-28T16:19:00.445000","2026-05-28T16:19:00.445000","service_b73c5787-6990-41b0-9126-fd1a7f83d894","service+b73c5787-6990-41b0-9126-fd1a7f83d894@no-reply.base44.com","false"
"69cab51cf59bbda43a5c5d57","José Porto França Neto","2026-05-28T16:16:39.849Z","saida","6a186a68021fb9a741a13b39","2026-05-28T16:16:40.014000","2026-05-28T16:16:40.014000","service_b73c5787-6990-41b0-9126-fd1a7f83d894","service+b73c5787-6990-41b0-9126-fd1a7f83d894@no-reply.base44.com","false"
"69cab4a035089c731a4647af","Isidoro Tavares Rosa","2026-05-28T16:14:12.114Z","saida","6a1869d452e4a163971c7396","2026-05-28T16:14:12.345000","2026-05-28T16:14:12.345000","service_b73c5787-6990-41b0-9126-fd1a7f83d894","service+b73c5787-6990-41b0-9126-fd1a7f83d894@no-reply.base44.com","false"
"69cab4a035089c731a4647af","Isidoro Tavares Rosa","2026-05-28T16:14:05.602Z","entrada","6a1869ce2046907826fe81ec","2026-05-28T16:14:06.341000","2026-05-28T16:14:06.341000","service_b73c5787-6990-41b0-9126-fd1a7f83d894","service+b73c5787-6990-41b0-9126-fd1a7f83d894@no-reply.base44.com","false"
"69cab4fa2f92da87a7de44b0","Felipe Junqueira Mariano","2026-05-28T16:12:13.167Z","saida","6a18695d2efd0545a402349a","2026-05-28T16:12:13.345000","2026-05-28T16:12:13.345000","service_b73c5787-6990-41b0-9126-fd1a7f83d894","service+b73c5787-6990-41b0-9126-fd1a7f83d894@no-reply.base44.com","false"
"69cab4fa2f92da87a7de44b0","Felipe Junqueira Mariano","2026-05-28T16:12:09.234Z","entrada","6a18695957d3c1dcf45aec94","2026-05-28T16:12:09.747000","2026-05-28T16:12:09.747000","service_b73c5787-6990-41b0-9126-fd1a7f83d894","service+b73c5787-6990-41b0-9126-fd1a7f83d894@no-reply.base44.com","false"
"69cab4ee69e0c3af82747389","Thayller Adriell Souza Garcia","2026-05-28T16:11:49.332Z","saida","6a186945ad84ddc0da7cb20e","2026-05-28T16:11:49.508000","2026-05-28T16:11:49.508000","service_b73c5787-6990-41b0-9126-fd1a7f83d894","service+b73c5787-6990-41b0-9126-fd1a7f83d894@no-reply.base44.com","false"
"69cab53186a8212571cbebfa","Marcia da Silva Coutinho","2026-05-28T16:11:43.528Z","entrada","6a186940219b825fb1b13c35","2026-05-28T16:11:44.175000","2026-05-28T16:11:44.175000","service_b73c5787-6990-41b0-9126-fd1a7f83d894","service+b73c5787-6990-41b0-9126-fd1a7f83d894@no-reply.base44.com","false"
"69cab48b36611447155e197c","Nádya de Sá Almeida Costa Silva","2026-05-28T16:10:35.027Z","saida","6a1868fb6c690ba1afcc62c2","2026-05-28T16:10:35.744000","2026-05-28T16:10:35.744000","service_b73c5787-6990-41b0-9126-fd1a7f83d894","service+b73c5787-6990-41b0-9126-fd1a7f83d894@no-reply.base44.com","false"
"69cab5298bf415ccbaf69560","Raniery Morais Miranda","2026-05-28T16:09:33.810Z","saida","6a1868beb6b242747114918e","2026-05-28T16:09:34.080000","2026-05-28T16:09:34.080000","service_b73c5787-6990-41b0-9126-fd1a7f83d894","service+b73c5787-6990-41b0-9126-fd1a7f83d894@no-reply.base44.com","false"
"69f9cddf1e81ff14d278df5e","Rafaela Franzoni Marques","2026-05-28T16:08:21.830Z","saida","6a1868769ade8cad1c3875c2","2026-05-28T16:08:22.472000","2026-05-28T16:08:22.472000","service_b73c5787-6990-41b0-9126-fd1a7f83d894","service+b73c5787-6990-41b0-9126-fd1a7f83d894@no-reply.base44.com","false"
"69cab4acf9e6540401a079f2","Raimunda Soronha de Oliveira dos Reis","2026-05-28T16:05:38.646Z","saida","6a1867d212a6b9ab931f1a6f","2026-05-28T16:05:38.886000","2026-05-28T16:05:38.886000","service_b73c5787-6990-41b0-9126-fd1a7f83d894","service+b73c5787-6990-41b0-9126-fd1a7f83d894@no-reply.base44.com","false"
"69f88df9ff9cd30a3a32d365","Johnathan Pereira de Sousa","2026-05-28T16:02:48.105Z","entrada","6a1867282f813cc9f5c0463c","2026-05-28T16:02:48.394000","2026-05-28T16:02:48.394000","service_b73c5787-6990-41b0-9126-fd1a7f83d894","service+b73c5787-6990-41b0-9126-fd1a7f83d894@no-reply.base44.com","false"
"6a04588acee8394872f618be","Ambrosiane de Sousa Leite","2026-05-28T16:02:24.861Z","entrada","6a18671172850c6b5a9b91b7","2026-05-28T16:02:25.676000","2026-05-28T16:02:25.676000","service_b73c5787-6990-41b0-9126-fd1a7f83d894","service+b73c5787-6990-41b0-9126-fd1a7f83d894@no-reply.base44.com","false"
"6a1495a104b49b3be78f3da3","MAICON DOUGLAS GOMES RODRIGUES","2026-05-28T16:01:49.164Z","saida","6a1866eec93ea1271301a0df","2026-05-28T16:01:50.283000","2026-05-28T16:01:50.283000","service_b73c5787-6990-41b0-9126-fd1a7f83d894","service+b73c5787-6990-41b0-9126-fd1a7f83d894@no-reply.base44.com","false"
"6a1093b55c869df7da1218e1","Talíta Maria Carvalho de Lima ","2026-05-28T16:01:44.427Z","saida","6a1866e82a8fc81ea302a2c2","2026-05-28T16:01:44.695000","2026-05-28T16:01:44.695000","service_b73c5787-6990-41b0-9126-fd1a7f83d894","service+b73c5787-6990-41b0-9126-fd1a7f83d894@no-reply.base44.com","false"
"6a0cb5ca9c2781a0ddd0e9d3","Maria Águeda Silva","2026-05-28T16:01:38.263Z","saida","6a1866e2a508d29dadb38033","2026-05-28T16:01:38.910000","2026-05-28T16:01:38.910000","service_b73c5787-6990-41b0-9126-fd1a7f83d894","service+b73c5787-6990-41b0-9126-fd1a7f83d894@no-reply.base44.com","false"
"6a15d611390b03b5280412b4","Hérika Pabline Lima Veras","2026-05-28T16:00:54.152Z","saida","6a1866b631c6d3ddab7e6670","2026-05-28T16:00:54.998000","2026-05-28T16:00:54.998000","service_b73c5787-6990-41b0-9126-fd1a7f83d894","service+b73c5787-6990-41b0-9126-fd1a7f83d894@no-reply.base44.com","false"
"69cab50cf5516a154093aa81","Carlos Antonio da Silva Vieira","2026-05-28T16:00:05.958Z","saida","6a18668784bc6ca4c9483309","2026-05-28T16:00:07.334000","2026-05-28T16:00:07.334000","service_b73c5787-6990-41b0-9126-fd1a7f83d894","service+b73c5787-6990-41b0-9126-fd1a7f83d894@no-reply.base44.com","false"
"69cab4ee1d5dca09ed497c22","Raphael de Lima Carvalho Moraes","2026-05-28T15:55:47.152Z","entrada","6a186583e4188cba06f1c784","2026-05-28T15:55:47.373000","2026-05-28T15:55:47.373000","service_b73c5787-6990-41b0-9126-fd1a7f83d894","service+b73c5787-6990-41b0-9126-fd1a7f83d894@no-reply.base44.com","false"
"69cab4a03ab6550526927a0e","Lia Rodrigues de Oliveira","2026-05-28T15:54:39.169Z","entrada","6a18653fea759d3d7560a47c","2026-05-28T15:54:39.904000","2026-05-28T15:54:39.904000","service_b73c5787-6990-41b0-9126-fd1a7f83d894","service+b73c5787-6990-41b0-9126-fd1a7f83d894@no-reply.base44.com","false"
"69cab4fdb65777e18fa16281","Marcio Junio Rodrigues de Freitas","2026-05-28T15:54:22.624Z","entrada","6a18652e896a0f8bb0c33a2d","2026-05-28T15:54:22.945000","2026-05-28T15:54:22.945000","service_b73c5787-6990-41b0-9126-fd1a7f83d894","service+b73c5787-6990-41b0-9126-fd1a7f83d894@no-reply.base44.com","false"
"69cab4a6d780b67cefdd205b","Guilherme Henrique Silva Costa","2026-05-28T15:50:43.749Z","entrada","6a186454a508d29dadb37e93","2026-05-28T15:50:44.590000","2026-05-28T15:50:44.590000","service_b73c5787-6990-41b0-9126-fd1a7f83d894","service+b73c5787-6990-41b0-9126-fd1a7f83d894@no-reply.base44.com","false"
"69cab4fa68d464d95240f98b","Helder Raimundo de Moraes","2026-05-28T15:49:15.118Z","saida","6a1863fbfd5419925c65a4e8","2026-05-28T15:49:15.896000","2026-05-28T15:49:15.896000","service_b73c5787-6990-41b0-9126-fd1a7f83d894","service+b73c5787-6990-41b0-9126-fd1a7f83d894@no-reply.base44.com","false"
"69cab532ba0b7b3f017ab3af","Lucas Gabriel Souza Ribeiro","2026-05-28T15:31:39.064Z","saida","6a185fdc8bba27d73c5c7935","2026-05-28T15:31:40.196000","2026-05-28T15:31:40.196000","service_b73c5787-6990-41b0-9126-fd1a7f83d894","service+b73c5787-6990-41b0-9126-fd1a7f83d894@no-reply.base44.com","false"
"69fc8102efce393880145d94","Débora Maia Escher dos Santos","2026-05-28T15:19:37.342Z","saida","6a185d09c74895827629c3c4","2026-05-28T15:19:37.577000","2026-05-28T15:19:37.577000","service_b73c5787-6990-41b0-9126-fd1a7f83d894","service+b73c5787-6990-41b0-9126-fd1a7f83d894@no-reply.base44.com","false"
"69cab5298bf415ccbaf69560","Raniery Morais Miranda","2026-05-28T15:18:31.370Z","entrada","6a185cc701c5d6fe67d46f90","2026-05-28T15:18:31.639000","2026-05-28T15:18:31.639000","service_b73c5787-6990-41b0-9126-fd1a7f83d894","service+b73c5787-6990-41b0-9126-fd1a7f83d894@no-reply.base44.com","false"
"69cab4bb2b75e5b3207c8b48","Clarinha Pereira da Silva Sousa","2026-05-28T15:12:02.871Z","saida","6a185b437855a1107db76384","2026-05-28T15:12:03.063000","2026-05-28T15:12:03.063000","service_b73c5787-6990-41b0-9126-fd1a7f83d894","service+b73c5787-6990-41b0-9126-fd1a7f83d894@no-reply.base44.com","false"
"69cab51cf59bbda43a5c5d57","José Porto França Neto","2026-05-28T15:11:27.245Z","entrada","6a185b1fa6e1a2884f0916b5","2026-05-28T15:11:27.859000","2026-05-28T15:11:27.859000","service_b73c5787-6990-41b0-9126-fd1a7f83d894","service+b73c5787-6990-41b0-9126-fd1a7f83d894@no-reply.base44.com","false"
"69cab4ee69e0c3af82747389","Thayller Adriell Souza Garcia","2026-05-28T15:11:20.739Z","entrada","6a185b181219265a06c729cf","2026-05-28T15:11:20.886000","2026-05-28T15:11:20.886000","service_b73c5787-6990-41b0-9126-fd1a7f83d894","service+b73c5787-6990-41b0-9126-fd1a7f83d894@no-reply.base44.com","false"
"69cab4c7e7844c08c870606b","Ana Kássia Souza Frota","2026-05-28T15:11:17.241Z","entrada","6a185b169b032c39e2176a4d","2026-05-28T15:11:18.314000","2026-05-28T15:11:18.314000","service_b73c5787-6990-41b0-9126-fd1a7f83d894","service+b73c5787-6990-41b0-9126-fd1a7f83d894@no-reply.base44.com","false"
"6a15d611390b03b5280412b4","Hérika Pabline Lima Veras","2026-05-28T15:09:50.559Z","entrada","6a185abea856f50d519de8e9","2026-05-28T15:09:50.697000","2026-05-28T15:09:50.697000","service_b73c5787-6990-41b0-9126-fd1a7f83d894","service+b73c5787-6990-41b0-9126-fd1a7f83d894@no-reply.base44.com","false"
"69cab4acf9e6540401a079f2","Raimunda Soronha de Oliveira dos Reis","2026-05-28T15:09:37.623Z","entrada","6a185ab2b027617b6ea07cdc","2026-05-28T15:09:38.842000","2026-05-28T15:09:38.842000","service_b73c5787-6990-41b0-9126-fd1a7f83d894","service+b73c5787-6990-41b0-9126-fd1a7f83d894@no-reply.base44.com","false"
"6a1495a104b49b3be78f3da3","MAICON DOUGLAS GOMES RODRIGUES","2026-05-28T15:09:20.613Z","entrada","6a185aa0bb5420e3d24e7abb","2026-05-28T15:09:20.848000","2026-05-28T15:09:20.848000","service_b73c5787-6990-41b0-9126-fd1a7f83d894","service+b73c5787-6990-41b0-9126-fd1a7f83d894@no-reply.base44.com","false"
"69cab48b36611447155e197c","Nádya de Sá Almeida Costa Silva","2026-05-28T15:09:14.440Z","entrada","6a185a9a169e83177ce2599c","2026-05-28T15:09:14.649000","2026-05-28T15:09:14.649000","service_b73c5787-6990-41b0-9126-fd1a7f83d894","service+b73c5787-6990-41b0-9126-fd1a7f83d894@no-reply.base44.com","false"
"69cab51b4b8ed336c11dff65","Raquel Caroline Ribeiro D e Lima","2026-05-28T15:08:52.437Z","saida","6a185a848939cb2066763d3f","2026-05-28T15:08:52.633000","2026-05-28T15:08:52.633000","service_b73c5787-6990-41b0-9126-fd1a7f83d894","service+b73c5787-6990-41b0-9126-fd1a7f83d894@no-reply.base44.com","false"
"69f9cddf1e81ff14d278df5e","Rafaela Franzoni Marques","2026-05-28T15:08:26.883Z","entrada","6a185a6b53b079245a3e6abd","2026-05-28T15:08:27.096000","2026-05-28T15:08:27.096000","service_b73c5787-6990-41b0-9126-fd1a7f83d894","service+b73c5787-6990-41b0-9126-fd1a7f83d894@no-reply.base44.com","false"
"69cab53f95aecd6313a1094a","Lucas Façanha de Oliveira Carvalho","2026-05-28T15:08:18.800Z","entrada","6a185a63646f22448c9e08a7","2026-05-28T15:08:19.536000","2026-05-28T15:08:19.536000","service_b73c5787-6990-41b0-9126-fd1a7f83d894","service+b73c5787-6990-41b0-9126-fd1a7f83d894@no-reply.base44.com","false"
"69cab4a2f74af4c7f98e624b","Paulo Henrique Nunes da Silva Araújo","2026-05-28T15:07:32.454Z","saida","6a185a3440ab13db376427f0","2026-05-28T15:07:32.675000","2026-05-28T15:07:32.675000","service_b73c5787-6990-41b0-9126-fd1a7f83d894","service+b73c5787-6990-41b0-9126-fd1a7f83d894@no-reply.base44.com","false"
"69cab50cf5516a154093aa81","Carlos Antonio da Silva Vieira","2026-05-28T15:07:07.118Z","entrada","6a185a1b6e5681462958655a","2026-05-28T15:07:07.401000","2026-05-28T15:07:07.401000","service_b73c5787-6990-41b0-9126-fd1a7f83d894","service+b73c5787-6990-41b0-9126-fd1a7f83d894@no-reply.base44.com","false"
"69c2d3ee87aec14ce3dd0d68","Rafael Londe Hagen","2026-05-28T15:06:54.682Z","saida","6a185a0fbfee6e45014e4c6b","2026-05-28T15:06:55.011000","2026-05-28T15:06:55.011000","service_b73c5787-6990-41b0-9126-fd1a7f83d894","service+b73c5787-6990-41b0-9126-fd1a7f83d894@no-reply.base44.com","false"
"69cab4bb4badc9d3592723d2","Delma Maria Guimaraes","2026-05-28T15:04:09.026Z","saida","6a185969296f078909a57cd0","2026-05-28T15:04:09.335000","2026-05-28T15:04:09.335000","service_b73c5787-6990-41b0-9126-fd1a7f83d894","service+b73c5787-6990-41b0-9126-fd1a7f83d894@no-reply.base44.com","false"
"69cab4fa68d464d95240f98b","Helder Raimundo de Moraes","2026-05-28T14:57:32.619Z","entrada","6a1857dce7eb20e1a4a71641","2026-05-28T14:57:32.834000","2026-05-28T14:57:32.834000","service_b73c5787-6990-41b0-9126-fd1a7f83d894","service+b73c5787-6990-41b0-9126-fd1a7f83d894@no-reply.base44.com","false"
"6a0cb5ca9c2781a0ddd0e9d3","Maria Águeda Silva","2026-05-28T14:57:28.635Z","entrada","6a1857d8d0a7a196247f3a8c","2026-05-28T14:57:28.835000","2026-05-28T14:57:28.835000","service_b73c5787-6990-41b0-9126-fd1a7f83d894","service+b73c5787-6990-41b0-9126-fd1a7f83d894@no-reply.base44.com","false"
"6a1093b55c869df7da1218e1","Talíta Maria Carvalho de Lima ","2026-05-28T14:57:25.620Z","entrada","6a1857d5ba6abb922246ac15","2026-05-28T14:57:25.821000","2026-05-28T14:57:25.821000","service_b73c5787-6990-41b0-9126-fd1a7f83d894","service+b73c5787-6990-41b0-9126-fd1a7f83d894@no-reply.base44.com","false"
"69f3405ca624697043cf5b08","Luana Cristina Vieira dos Santos ","2026-05-28T14:55:36.455Z","saida","6a1857694db63548d65991e6","2026-05-28T14:55:37.033000","2026-05-28T14:55:37.033000","service_b73c5787-6990-41b0-9126-fd1a7f83d894","service+b73c5787-6990-41b0-9126-fd1a7f83d894@no-reply.base44.com","false"
"69cab532ba0b7b3f017ab3af","Lucas Gabriel Souza Ribeiro","2026-05-28T14:55:30.772Z","entrada","6a185762582c93aa426cf717","2026-05-28T14:55:30.972000","2026-05-28T14:55:30.972000","service_b73c5787-6990-41b0-9126-fd1a7f83d894","service+b73c5787-6990-41b0-9126-fd1a7f83d894@no-reply.base44.com","false"
"69cab4bbaaffc414bef709af","Thays Rocha Leite","2026-05-28T14:55:22.304Z","saida","6a18575bf8f65dd8544b427f","2026-05-28T14:55:23.107000","2026-05-28T14:55:23.107000","service_b73c5787-6990-41b0-9126-fd1a7f83d894","service+b73c5787-6990-41b0-9126-fd1a7f83d894@no-reply.base44.com","false"
"6a0afdd882e5220f83455fbb","Célia Maria da Silva Valadão","2026-05-28T14:51:44.534Z","saida","6a1856818826c6acda4f2e80","2026-05-28T14:51:45.464000","2026-05-28T14:51:45.464000","service_b73c5787-6990-41b0-9126-fd1a7f83d894","service+b73c5787-6990-41b0-9126-fd1a7f83d894@no-reply.base44.com","false"
"69cab555f127d1812d9c958f","Léa Rosane Barcelos","2026-05-28T14:48:33.902Z","saida","6a1855c2824d5de8ddc39981","2026-05-28T14:48:34.109000","2026-05-28T14:48:34.109000","service_b73c5787-6990-41b0-9126-fd1a7f83d894","service+b73c5787-6990-41b0-9126-fd1a7f83d894@no-reply.base44.com","false"
"69c2d3ee87aec14ce3dd0d68","Rafael Londe Hagen","2026-05-28T14:37:14.554Z","entrada","6a18531a081b33266a8e2188","2026-05-28T14:37:14.783000","2026-05-28T14:37:14.783000","service_b73c5787-6990-41b0-9126-fd1a7f83d894","service+b73c5787-6990-41b0-9126-fd1a7f83d894@no-reply.base44.com","false"
"69cab51b4b8ed336c11dff65","Raquel Caroline Ribeiro D e Lima","2026-05-28T14:15:49.260Z","entrada","6a184e162c91ff949f547040","2026-05-28T14:15:50.233000","2026-05-28T14:15:50.233000","service_b73c5787-6990-41b0-9126-fd1a7f83d894","service+b73c5787-6990-41b0-9126-fd1a7f83d894@no-reply.base44.com","false"
"69cab5495f4c50dbe8cc825c","Fernanda Marra","2026-05-28T14:09:07.905Z","entrada","6a184c85b45b03f45010a27c","2026-05-28T14:09:09.031000","2026-05-28T14:09:09.031000","service_b73c5787-6990-41b0-9126-fd1a7f83d894","service+b73c5787-6990-41b0-9126-fd1a7f83d894@no-reply.base44.com","false"
"69cab4845646d7497cb9aa56","Laura Lula Ramos","2026-05-28T14:05:58.473Z","entrada","6a184bc690af22a74e5574eb","2026-05-28T14:05:58.681000","2026-05-28T14:05:58.681000","service_b73c5787-6990-41b0-9126-fd1a7f83d894","service+b73c5787-6990-41b0-9126-fd1a7f83d894@no-reply.base44.com","false"
"69cab4844ae3b7f6a68fd705","Mel Cardoso Souza","2026-05-28T14:05:40.282Z","entrada","6a184bb4e64a850ff8a72058","2026-05-28T14:05:40.873000","2026-05-28T14:05:40.873000","service_b73c5787-6990-41b0-9126-fd1a7f83d894","service+b73c5787-6990-41b0-9126-fd1a7f83d894@no-reply.base44.com","false"
"69cab4bb4badc9d3592723d2","Delma Maria Guimaraes","2026-05-28T14:05:35.487Z","entrada","6a184bb081b3fc0f7f358363","2026-05-28T14:05:36.303000","2026-05-28T14:05:36.303000","service_b73c5787-6990-41b0-9126-fd1a7f83d894","service+b73c5787-6990-41b0-9126-fd1a7f83d894@no-reply.base44.com","false"
"69cab4bbaaffc414bef709af","Thays Rocha Leite","2026-05-28T14:04:36.177Z","entrada","6a184b74ad170605fdea0b3a","2026-05-28T14:04:36.386000","2026-05-28T14:04:36.386000","service_b73c5787-6990-41b0-9126-fd1a7f83d894","service+b73c5787-6990-41b0-9126-fd1a7f83d894@no-reply.base44.com","false"
"69cab4bb2b75e5b3207c8b48","Clarinha Pereira da Silva Sousa","2026-05-28T14:04:32.753Z","entrada","6a184b7199e5e679ad6977a5","2026-05-28T14:04:33.311000","2026-05-28T14:04:33.311000","service_b73c5787-6990-41b0-9126-fd1a7f83d894","service+b73c5787-6990-41b0-9126-fd1a7f83d894@no-reply.base44.com","false"
"69cab555f127d1812d9c958f","Léa Rosane Barcelos","2026-05-28T14:03:43.330Z","entrada","6a184b40e64a850ff8a72017","2026-05-28T14:03:44.232000","2026-05-28T14:03:44.232000","service_b73c5787-6990-41b0-9126-fd1a7f83d894","service+b73c5787-6990-41b0-9126-fd1a7f83d894@no-reply.base44.com","false"
"69f3405ca624697043cf5b08","Luana Cristina Vieira dos Santos ","2026-05-28T14:02:20.493Z","entrada","6a184aedb43f4806cedae0f5","2026-05-28T14:02:21.057000","2026-05-28T14:02:21.057000","service_b73c5787-6990-41b0-9126-fd1a7f83d894","service+b73c5787-6990-41b0-9126-fd1a7f83d894@no-reply.base44.com","false"
"69fc8102efce393880145d94","Débora Maia Escher dos Santos","2026-05-28T14:01:24.636Z","entrada","6a184ab42e408b1505369e2d","2026-05-28T14:01:24.892000","2026-05-28T14:01:24.892000","service_b73c5787-6990-41b0-9126-fd1a7f83d894","service+b73c5787-6990-41b0-9126-fd1a7f83d894@no-reply.base44.com","false"
"6a0afdd882e5220f83455fbb","Célia Maria da Silva Valadão","2026-05-28T13:57:38.611Z","entrada","6a1849d35e0344e7058c19e9","2026-05-28T13:57:39.595000","2026-05-28T13:57:39.595000","service_b73c5787-6990-41b0-9126-fd1a7f83d894","service+b73c5787-6990-41b0-9126-fd1a7f83d894@no-reply.base44.com","false"
"69cab4a2f74af4c7f98e624b","Paulo Henrique Nunes da Silva Araújo","2026-05-28T13:50:33.809Z","entrada","6a18482aab2ca363d2121b6e","2026-05-28T13:50:34.038000","2026-05-28T13:50:34.039000","service_b73c5787-6990-41b0-9126-fd1a7f83d894","service+b73c5787-6990-41b0-9126-fd1a7f83d894@no-reply.base44.com","false"
"69cab547bd2926025f139df4","Diêssa Pontes Cruz","2026-05-28T11:18:07.809Z","entrada","6a18247060ac3f8c24cd6683","2026-05-28T11:18:08.027000","2026-05-28T11:18:08.027000","service_b73c5787-6990-41b0-9126-fd1a7f83d894","service+b73c5787-6990-41b0-9126-fd1a7f83d894@no-reply.base44.com","false"
"6a16ecc046adce93104edc2a","LAINE SOUZA LANDIN CARDOSO","2026-05-28T10:09:37.415Z","entrada","6a181462588e632fcae3dcb5","2026-05-28T10:09:38.467000","2026-05-28T10:09:38.467000","service_b73c5787-6990-41b0-9126-fd1a7f83d894","service+b73c5787-6990-41b0-9126-fd1a7f83d894@no-reply.base44.com","false"
"69cab5533f4cbe4cc715f000","Antônio Gabriel Marcimiano de Moraes","2026-05-27T21:06:50.407Z","entrada","6a175ceb0ca3f34747c2af2d","2026-05-27T21:06:51.671000","2026-05-27T21:06:51.671000","service_b73c5787-6990-41b0-9126-fd1a7f83d894","service+b73c5787-6990-41b0-9126-fd1a7f83d894@no-reply.base44.com","false"
"6a04588acee8394872f618be","Ambrosiane de Sousa Leite","2026-05-27T20:12:13.154Z","entrada","6a17501e71ac6b64d0217ef1","2026-05-27T20:12:14.258000","2026-05-27T20:12:14.258000","service_b73c5787-6990-41b0-9126-fd1a7f83d894","service+b73c5787-6990-41b0-9126-fd1a7f83d894@no-reply.base44.com","false"
"69cab4a1625c88b62a9b4704","Cristina Maria Costa Prado","2026-05-27T20:11:53.060Z","entrada","6a17500ab09247755ec15e34","2026-05-27T20:11:54.052000","2026-05-27T20:11:54.052000","service_b73c5787-6990-41b0-9126-fd1a7f83d894","service+b73c5787-6990-41b0-9126-fd1a7f83d894@no-reply.base44.com","false"
"69cab53d8efef97e8a0f03b3","Antonino Batista Júnior","2026-05-27T20:03:14.128Z","entrada","6a174e03cfc1b4859dcafc62","2026-05-27T20:03:15.083000","2026-05-27T20:03:15.083000","service_b73c5787-6990-41b0-9126-fd1a7f83d894","service+b73c5787-6990-41b0-9126-fd1a7f83d894@no-reply.base44.com","false"
"6a0f398f99b4529be22e7d03","Vitor Hugo de Sousa Soares","2026-05-27T17:26:52.434Z","saida","6a17295cf79c980a3ca5f01b","2026-05-27T17:26:52.656000","2026-05-27T17:26:52.656000","service_b73c5787-6990-41b0-9126-fd1a7f83d894","service+b73c5787-6990-41b0-9126-fd1a7f83d894@no-reply.base44.com","false"
"6a0f398f99b4529be22e7d03","Vitor Hugo de Sousa Soares","2026-05-27T17:26:47.764Z","entrada","6a17295884c87dc24aa06030","2026-05-27T17:26:48.812000","2026-05-27T17:26:48.812000","service_b73c5787-6990-41b0-9126-fd1a7f83d894","service+b73c5787-6990-41b0-9126-fd1a7f83d894@no-reply.base44.com","false"
"69cab4fdb65777e18fa16281","Marcio Junio Rodrigues de Freitas","2026-05-27T17:14:57.284Z","saida","6a1726916d647fe60bcfd842","2026-05-27T17:14:57.611000","2026-05-27T17:14:57.611000","service_b73c5787-6990-41b0-9126-fd1a7f83d894","service+b73c5787-6990-41b0-9126-fd1a7f83d894@no-reply.base44.com","false"
"69cab4a3c1c42a0056c3ec30","Marcos Rodrigo da Silva","2026-05-27T17:13:33.506Z","saida","6a17263e08154957d99cbb45","2026-05-27T17:13:34.502000","2026-05-27T17:13:34.502000","service_b73c5787-6990-41b0-9126-fd1a7f83d894","service+b73c5787-6990-41b0-9126-fd1a7f83d894@no-reply.base44.com","false"
"69f88df9ff9cd30a3a32d365","Johnathan Pereira de Sousa","2026-05-27T17:03:15.205Z","saida","6a1723d39a879ceb834e4e02","2026-05-27T17:03:15.476000","2026-05-27T17:03:15.476000","service_b73c5787-6990-41b0-9126-fd1a7f83d894","service+b73c5787-6990-41b0-9126-fd1a7f83d894@no-reply.base44.com","false"
"69cab48cce1c3df3215b2752","Jhulli Êmily Martins Nunes","2026-05-27T16:57:39.220Z","saida","6a172283c7bacf9688f8111e","2026-05-27T16:57:39.872000","2026-05-27T16:57:39.872000","service_b73c5787-6990-41b0-9126-fd1a7f83d894","service+b73c5787-6990-41b0-9126-fd1a7f83d894@no-reply.base44.com","false"
"69cab48b36611447155e197c","Nádya de Sá Almeida Costa Silva","2026-05-27T16:50:54.712Z","saida","6a1720efc36a61e406863c90","2026-05-27T16:50:55.469000","2026-05-27T16:50:55.469000","service_b73c5787-6990-41b0-9126-fd1a7f83d894","service+b73c5787-6990-41b0-9126-fd1a7f83d894@no-reply.base44.com","false"
"69cab4ee69e0c3af82747389","Thayller Adriell Souza Garcia","2026-05-27T16:13:07.298Z","saida","6a171813e93fd9cfad929c06","2026-05-27T16:13:07.506000","2026-05-27T16:13:07.506000","service_b73c5787-6990-41b0-9126-fd1a7f83d894","service+b73c5787-6990-41b0-9126-fd1a7f83d894@no-reply.base44.com","false"
"69cab4ee69e0c3af82747389","Thayller Adriell Souza Garcia","2026-05-27T16:13:02.695Z","entrada","6a1718108db4fd54ff2f4a20","2026-05-27T16:13:04.026000","2026-05-27T16:13:04.026000","service_b73c5787-6990-41b0-9126-fd1a7f83d894","service+b73c5787-6990-41b0-9126-fd1a7f83d894@no-reply.base44.com","false"
"69cab5409b141921d6a9baca","Brenuo Victor Rodrigues Barbosa","2026-05-26T19:03:31.455Z","entrada","6a15ee83bf7a3a98760b1b04","2026-05-26T19:03:31.694000","2026-05-26T19:03:31.694000","service_b73c5787-6990-41b0-9126-fd1a7f83d894","service+b73c5787-6990-41b0-9126-fd1a7f83d894@no-reply.base44.com","false"
"6a0f398f99b4529be22e7d03","Vitor Hugo de Sousa Soares","2026-05-26T18:13:26.124Z","saida","6a15e2c6f38e4b13844190b0","2026-05-26T18:13:26.857000","2026-05-26T18:13:26.857000","service_b73c5787-6990-41b0-9126-fd1a7f83d894","service+b73c5787-6990-41b0-9126-fd1a7f83d894@no-reply.base44.com","false"
"6a0f398f99b4529be22e7d03","Vitor Hugo de Sousa Soares","2026-05-26T18:11:50.690Z","entrada","6a15e267a07b276fe77bea7b","2026-05-26T18:11:51.660000","2026-05-26T18:11:51.660000","service_b73c5787-6990-41b0-9126-fd1a7f83d894","service+b73c5787-6990-41b0-9126-fd1a7f83d894@no-reply.base44.com","false"
"69cab4a3c1c42a0056c3ec30","Marcos Rodrigo da Silva","2026-05-26T17:09:26.141Z","saida","6a15d3c740ab65b85241f321","2026-05-26T17:09:27.105000","2026-05-26T17:09:27.105000","service_b73c5787-6990-41b0-9126-fd1a7f83d894","service+b73c5787-6990-41b0-9126-fd1a7f83d894@no-reply.base44.com","false"
"69cab51df127d1812d9c9585","Gilvan José Meireles","2026-05-26T17:01:28.407Z","saida","6a15d1e8f25cb300977d6085","2026-05-26T17:01:28.622000","2026-05-26T17:01:28.622000","service_b73c5787-6990-41b0-9126-fd1a7f83d894","service+b73c5787-6990-41b0-9126-fd1a7f83d894@no-reply.base44.com","false"
"69cab48cce1c3df3215b2752","Jhulli Êmily Martins Nunes","2026-05-26T16:59:08.241Z","saida","6a15d15cfab0513f0a801ee9","2026-05-26T16:59:08.463000","2026-05-26T16:59:08.463000","service_b73c5787-6990-41b0-9126-fd1a7f83d894","service+b73c5787-6990-41b0-9126-fd1a7f83d894@no-reply.base44.com","false"
"6a05cb2bf126cffdabe7fbfa","Paloma Leal Frazão","2026-05-26T16:08:45.545Z","saida","6a15c58e07ad9deeab98785a","2026-05-26T16:08:46.478000","2026-05-26T16:08:46.478000","service_b73c5787-6990-41b0-9126-fd1a7f83d894","service+b73c5787-6990-41b0-9126-fd1a7f83d894@no-reply.base44.com","false"
"69cab4ee69e0c3af82747389","Thayller Adriell Souza Garcia","2026-05-26T16:06:25.718Z","saida","6a15c50203856c3a6e36a83c","2026-05-26T16:06:26.534000","2026-05-26T16:06:26.534000","service_b73c5787-6990-41b0-9126-fd1a7f83d894","service+b73c5787-6990-41b0-9126-fd1a7f83d894@no-reply.base44.com","false"
"69cab4a3c1c42a0056c3ec30","Marcos Rodrigo da Silva","2026-05-26T16:02:09.729Z","entrada","6a15c4025e952ae0585c5ee5","2026-05-26T16:02:10.368000","2026-05-26T16:02:10.368000","service_b73c5787-6990-41b0-9126-fd1a7f83d894","service+b73c5787-6990-41b0-9126-fd1a7f83d894@no-reply.base44.com","false"
"69cab48cce1c3df3215b2752","Jhulli Êmily Martins Nunes","2026-05-26T15:58:30.353Z","entrada","6a15c327dcb9d3a3aede14a4","2026-05-26T15:58:31.435000","2026-05-26T15:58:31.435000","service_b73c5787-6990-41b0-9126-fd1a7f83d894","service+b73c5787-6990-41b0-9126-fd1a7f83d894@no-reply.base44.com","false"
"69cab51df127d1812d9c9585","Gilvan José Meireles","2026-05-26T15:51:26.884Z","entrada","6a15c17f737eb49812226154","2026-05-26T15:51:27.893000","2026-05-26T15:51:27.893000","service_b73c5787-6990-41b0-9126-fd1a7f83d894","service+b73c5787-6990-41b0-9126-fd1a7f83d894@no-reply.base44.com","false"
"69cab5298bf415ccbaf69560","Raniery Morais Miranda","2026-05-26T15:29:35.382Z","entrada","6a15bc60826b865086beafd1","2026-05-26T15:29:36.362000","2026-05-26T15:29:36.362000","service_b73c5787-6990-41b0-9126-fd1a7f83d894","service+b73c5787-6990-41b0-9126-fd1a7f83d894@no-reply.base44.com","false"
"69cab510f59bbda43a5c5d53","Jonathas Prado","2026-05-26T15:23:49.790Z","entrada","6a15bb06da594c887a6becd9","2026-05-26T15:23:50.061000","2026-05-26T15:23:50.061000","service_b73c5787-6990-41b0-9126-fd1a7f83d894","service+b73c5787-6990-41b0-9126-fd1a7f83d894@no-reply.base44.com","false"
"69cab48b36611447155e197c","Nádya de Sá Almeida Costa Silva","2026-05-26T15:23:45.833Z","entrada","6a15bb02737eb49812225f0e","2026-05-26T15:23:46.038000","2026-05-26T15:23:46.038000","service_b73c5787-6990-41b0-9126-fd1a7f83d894","service+b73c5787-6990-41b0-9126-fd1a7f83d894@no-reply.base44.com","false"
"69cab4ee69e0c3af82747389","Thayller Adriell Souza Garcia","2026-05-26T15:20:08.274Z","entrada","6a15ba2874a5a9b73b99b19c","2026-05-26T15:20:08.475000","2026-05-26T15:20:08.475000","service_b73c5787-6990-41b0-9126-fd1a7f83d894","service+b73c5787-6990-41b0-9126-fd1a7f83d894@no-reply.base44.com","false"
"69cab4845646d7497cb9aa56","Laura Lula Ramos","2026-05-26T15:19:31.434Z","saida","6a15ba03ba157f502c9ada90","2026-05-26T15:19:31.619000","2026-05-26T15:19:31.619000","service_b73c5787-6990-41b0-9126-fd1a7f83d894","service+b73c5787-6990-41b0-9126-fd1a7f83d894@no-reply.base44.com","false"
"69cab4845646d7497cb9aa56","Laura Lula Ramos","2026-05-26T15:19:27.320Z","entrada","6a15ba0068e75f590403989d","2026-05-26T15:19:28.247000","2026-05-26T15:19:28.247000","service_b73c5787-6990-41b0-9126-fd1a7f83d894","service+b73c5787-6990-41b0-9126-fd1a7f83d894@no-reply.base44.com","false"
"69cab4ee69e0c3af82747389","Thayller Adriell Souza Garcia","2026-05-26T15:18:57.861Z","saida","6a15b9e2db54e9f0979e3fce","2026-05-26T15:18:58.773000","2026-05-26T15:18:58.773000","service_b73c5787-6990-41b0-9126-fd1a7f83d894","service+b73c5787-6990-41b0-9126-fd1a7f83d894@no-reply.base44.com","false"
"6a05cb2bf126cffdabe7fbfa","Paloma Leal Frazão","2026-05-26T15:14:56.951Z","entrada","6a15b8f18a58a3beda328c65","2026-05-26T15:14:57.208000","2026-05-26T15:14:57.208000","service_b73c5787-6990-41b0-9126-fd1a7f83d894","service+b73c5787-6990-41b0-9126-fd1a7f83d894@no-reply.base44.com","false"
"69cab4ee69e0c3af82747389","Thayller Adriell Souza Garcia","2026-05-26T15:13:33.950Z","entrada","6a15b89e68e75f5904039811","2026-05-26T15:13:34.928000","2026-05-26T15:13:34.928000","service_b73c5787-6990-41b0-9126-fd1a7f83d894","service+b73c5787-6990-41b0-9126-fd1a7f83d894@no-reply.base44.com","false"
"69c2d3ee87aec14ce3dd0d68","Rafael Londe Hagen","2026-05-26T15:11:11.488Z","saida","6a15b810666e88a48d327550","2026-05-26T15:11:12.753000","2026-05-26T15:11:12.753000","service_b73c5787-6990-41b0-9126-fd1a7f83d894","service+b73c5787-6990-41b0-9126-fd1a7f83d894@no-reply.base44.com","false"
"69c2d3ee87aec14ce3dd0d68","Rafael Londe Hagen","2026-05-26T14:32:28.609Z","entrada","6a15aefcc9fae7454e0f283e","2026-05-26T14:32:28.814000","2026-05-26T14:32:28.815000","service_b73c5787-6990-41b0-9126-fd1a7f83d894","service+b73c5787-6990-41b0-9126-fd1a7f83d894@no-reply.base44.com","false"
"69c2d3ee87aec14ce3dd0d68","Rafael Londe Hagen","2026-05-25T19:39:35.979Z","saida","6a14a578084036c8d119cd18","2026-05-25T19:39:36.703000","2026-05-25T19:39:36.703000","service_b73c5787-6990-41b0-9126-fd1a7f83d894","service+b73c5787-6990-41b0-9126-fd1a7f83d894@no-reply.base44.com","false"