"slot_start","block_reason","civil_restricted","slot_end","blocked","max_capacity","id","created_date","updated_date","created_by_id","created_by","is_sample"
"16:00","","false","17:00","false","40","69c585d99c3ade86fbe10e78","2026-03-26T19:15:37.475000","2026-03-26T19:15:37.475000","69c292e80a168be0a1fb9df4","funcionalpplt@gmail.com","false"
"15:00","","false","16:00","false","40","69c585d7cc0236c1e9d65c90","2026-03-26T19:15:35.320000","2026-03-26T19:15:35.320000","69c292e80a168be0a1fb9df4","funcionalpplt@gmail.com","false"
"14:00","","false","15:00","false","40","69c585d4a95a5f148f7962b8","2026-03-26T19:15:32.005000","2026-03-26T19:15:32.005000","69c292e80a168be0a1fb9df4","funcionalpplt@gmail.com","false"
"13:00","","false","14:00","false","40","69c585d27d43469570847a35","2026-03-26T19:15:30.208000","2026-03-26T19:15:30.208000","69c292e80a168be0a1fb9df4","funcionalpplt@gmail.com","false"
"11:00","","false","12:00","false","40","69c585ce5f6518b918377c18","2026-03-26T19:15:26.010000","2026-03-26T19:15:26.010000","69c292e80a168be0a1fb9df4","funcionalpplt@gmail.com","false"
"10:00","","false","11:00","false","40","69c585cccc0236c1e9d65c8b","2026-03-26T19:15:24.291000","2026-03-26T19:15:24.291000","69c292e80a168be0a1fb9df4","funcionalpplt@gmail.com","false"
"09:00","","false","10:00","false","40","69c585ca94459cc351eb7ad4","2026-03-26T19:15:22.771000","2026-03-26T19:15:22.771000","69c292e80a168be0a1fb9df4","funcionalpplt@gmail.com","false"
"12:00","","false","13:00","false","40","69c42e764331befb9595d964","2026-03-25T18:50:30.032000","2026-03-26T19:15:28.327000","69c292e80a168be0a1fb9df4","funcionalpplt@gmail.com","false"
"21:00","Apenas Militares.","true","22:00","false","40","69c2d619616e477c662aa18b","2026-03-24T18:21:13.565000","2026-04-23T12:43:11.941000","69c292e80a168be0a1fb9df4","funcionalpplt@gmail.com","false"
"20:00","Apenas Militares.","false","21:00","false","40","69c2d617868e026c4bf4da63","2026-03-24T18:21:11.041000","2026-05-11T19:09:39.183000","69c292e80a168be0a1fb9df4","funcionalpplt@gmail.com","false"
"19:00","Apenas Militares.","false","20:00","false","40","69c2d615d29c79c3d09167ac","2026-03-24T18:21:09.245000","2026-05-11T19:09:35.877000","69c292e80a168be0a1fb9df4","funcionalpplt@gmail.com","false"
"18:00","","false","19:00","false","40","69c2d612f7e97ff3951032fb","2026-03-24T18:21:06.094000","2026-05-11T19:09:32.505000","69c292e80a168be0a1fb9df4","funcionalpplt@gmail.com","false"
"17:00","","false","18:00","false","40","69c2d60fb6140cfb170f9e30","2026-03-24T18:21:03.315000","2026-03-26T19:15:39.589000","69c292e80a168be0a1fb9df4","funcionalpplt@gmail.com","false"
"08:00","Apenas Militares.","false","09:00","false","20","69c2d6094a5eb25611af7747","2026-03-24T18:20:57.639000","2026-04-30T02:25:57.473000","69c292e80a168be0a1fb9df4","funcionalpplt@gmail.com","false"
"07:00","Apenas Militares.","false","08:00","false","20","69c2d5ed83a90618511f4922","2026-03-24T18:20:29.054000","2026-04-30T02:25:58.869000","69c292e80a168be0a1fb9df4","funcionalpplt@gmail.com","false"